target,target_label,representation_index,layer_label,stream,n_seeds,mean_positive_fraction_remaining_gap_closed,ci95_low_bootstrap_percentile,ci95_high_bootstrap_percentile,seed_values,mean_init_cv_r2,mean_trained_cv_r2
BpowD,B^D,0,input,B_ones,3,6.751334066172866e-17,0.0,1.2484518112953537e-16,0:0.000000;42:0.000000;1337:0.000000,-0.07402961353332804,-0.07974433674310774
BpowD,B^D,1,0,B_ones,3,0.01061717457297945,0.0,0.017528849745005237,0:0.017529;42:0.000000;1337:0.014323,-0.05941404869467173,-0.05650734761503375
BpowD,B^D,2,1,B_ones,3,0.0,0.0,0.0,0:0.000000;42:0.000000;1337:0.000000,-0.05733829313213312,-0.1030776073458863
BpowD,B^D,3,2,B_ones,3,0.001951766071866958,0.0,0.005855298215600875,0:0.005855;42:0.000000;1337:0.000000,-0.0603288052436711,-0.0744087326867691
BpowD,B^D,4,3,B_ones,3,0.007111925270769014,0.0,0.015463790480728915,0:0.015464;42:0.000000;1337:0.005872,-0.06781674384326886,-0.06528675453055495
BpowD,B^D,5,4,B_ones,3,0.010997569445986835,0.0,0.022350684531406054,0:0.022351;42:0.000000;1337:0.010642,-0.06936156039526399,-0.05973127093680471
BpowD,B^D,6,5,B_ones,3,0.012243446740310656,0.0,0.020841786191733033,0:0.020842;42:0.000000;1337:0.015889,-0.06536711276023248,-0.05794745614294814
BpowD,B^D,7,6,B_ones,3,0.009505612925600801,0.0,0.017581812772974194,0:0.017582;42:0.000000;1337:0.010935,-0.06622784703855254,-0.060046467139543314
BpowD,B^D,8,7,B_ones,3,0.008596031191212607,0.0,0.01652860274825091,0:0.016529;42:0.000000;1337:0.009259,-0.06660967138206435,-0.060707453419471875
BpowD,B^D,9,8,B_ones,3,0.01017963717270101,0.0,0.018910250699284155,0:0.018910;42:0.000000;1337:0.011629,-0.06843912611102927,-0.06008257136630338
BpowD,B^D,10,9,B_ones,3,0.006537371269823463,0.0,0.015129339698153449,0:0.015129;42:0.000000;1337:0.004483,-0.06472594073875579,-0.05972943644871335
BpowD,B^D,0,input,B_tag,3,0.0,0.0,0.0,0:0.000000;42:0.000000;1337:0.000000,-0.10551909400534443,-0.10551909400534443
BpowD,B^D,1,0,B_tag,3,0.023034916855077848,0.0,0.05429681140508507,0:0.054297;42:0.014808;1337:0.000000,-0.12188416197123163,-0.10651811769445581
BpowD,B^D,2,1,B_tag,3,0.0,0.0,0.0,0:0.000000;42:0.000000;1337:0.000000,-0.1151641262844409,-0.1334361643708686
BpowD,B^D,3,2,B_tag,3,0.044121599087297715,0.013001718776056112,0.09252181362662089,0:0.013002;42:0.026841;1337:0.092522,-0.13491499339836022,-0.08426765492564091
BpowD,B^D,4,3,B_tag,3,0.01365667191163561,0.0007869879756212868,0.033523169560156676,0:0.000787;42:0.033523;1337:0.006660,-0.12396295615834797,-0.10844049896003004
BpowD,B^D,5,4,B_tag,3,0.010343989675009498,0.0,0.03103196902502849,0:0.031032;42:0.000000;1337:0.000000,-0.11100469429619005,-0.12171704248294213
BpowD,B^D,6,5,B_tag,3,0.025063635648912546,0.005329185686276445,0.05112677152217839,0:0.018735;42:0.005329;1337:0.051127,-0.12470462169477343,-0.0963555108921192
BpowD,B^D,7,6,B_tag,3,0.012127095850657535,0.0,0.018884967813877957,0:0.018885;42:0.017496;1337:0.000000,-0.11926951077646368,-0.11021683474351214
BpowD,B^D,8,7,B_tag,3,0.026282426838749807,0.0,0.047933574171246246,0:0.000000;42:0.030914;1337:0.047934,-0.12536344490628656,-0.10354220936646973
BpowD,B^D,9,8,B_tag,3,0.018535050564542885,0.009316513300768587,0.03136283962618531,0:0.014926;42:0.031363;1337:0.009317,-0.12074554802787536,-0.09992532115852525
BpowD,B^D,10,9,B_tag,3,0.027262655739867175,0.0,0.06510628282199404,0:0.016682;42:0.000000;1337:0.065106,-0.11457327900074639,-0.08868133238050331
BpowD,B^D,0,input,B_tens,3,1.403090083554638e-16,0.0,2.134458918814745e-16,0:0.000000;42:0.000000;1337:0.000000,-0.07172020067934985,-0.07172020067934971
BpowD,B^D,1,0,B_tens,3,0.0028409504016947344,0.0,0.008522851205084203,0:0.008523;42:0.000000;1337:0.000000,-0.10374453133323829,-0.14054793387340828
BpowD,B^D,2,1,B_tens,3,0.0019516392654392756,0.0,0.005259105970023231,0:0.000000;42:0.005259;1337:0.000596,-0.11098194508233757,-0.12065677021841203
BpowD,B^D,3,2,B_tens,3,0.0007040662253730911,0.0,0.0021121986761192734,0:0.000000;42:0.000000;1337:0.002112,-0.11282865828140377,-0.121882365355995
BpowD,B^D,4,3,B_tens,3,0.0,0.0,0.0,0:0.000000;42:0.000000;1337:0.000000,-0.11047085280655684,-0.12228261862857233
BpowD,B^D,5,4,B_tens,3,0.005333494928079361,0.0,0.016000484784238083,0:0.016000;42:0.000000;1337:0.000000,-0.11159351233851877,-0.12384015983116915
BpowD,B^D,6,5,B_tens,3,0.0,0.0,0.0,0:0.000000;42:0.000000;1337:0.000000,-0.11068851485320104,-0.1274859426327874
BpowD,B^D,7,6,B_tens,3,0.0005634603574151228,0.0,0.0016903810722453682,0:0.001690;42:0.000000;1337:0.000000,-0.11758126991159797,-0.13212972935282327
BpowD,B^D,8,7,B_tens,3,0.0006253334996637923,0.0,0.0018760004989913767,0:0.001876;42:0.000000;1337:0.000000,-0.11069823417187924,-0.12474903176746999
BpowD,B^D,9,8,B_tens,3,0.0,0.0,0.0,0:0.000000;42:0.000000;1337:0.000000,-0.10870111286232009,-0.12948097925118682
BpowD,B^D,10,9,B_tens,3,0.00011410047316298585,0.0,0.00034230141948895756,0:0.000342;42:0.000000;1337:0.000000,-0.10807910288800034,-0.12903034534379287
BpowD,B^D,0,input,D_ones,3,5.853443170456129e-16,0.0,1.7560329511368388e-15,0:0.000000;42:0.000000;1337:0.000000,0.21275348421404805,0.2081024302005535
BpowD,B^D,1,0,D_ones,3,0.9797942474315424,0.9601924313234442,0.9923688723241352,0:0.992369;42:0.960192;1337:0.986821,0.9125705227504182,0.9980738165681965
BpowD,B^D,2,1,D_ones,3,0.6095180864889261,0.06640515350790645,0.9235833269412449,0:0.838566;42:0.066405;1337:0.923583,0.8690248541457709,0.9373038580416074
BpowD,B^D,3,2,D_ones,3,0.5761523831929606,0.12863415600828354,0.8306442854886632,0:0.769179;42:0.128634;1337:0.830644,0.8466441018527416,0.9236969896384112
BpowD,B^D,4,3,D_ones,3,0.5099889292447037,0.11724966206234945,0.7312771170023792,0:0.681440;42:0.117250;1337:0.731277,0.8235551775369819,0.9000335126805333
BpowD,B^D,5,4,D_ones,3,0.4635530146646518,0.07955012024033092,0.6860846237690682,0:0.625024;42:0.079550;1337:0.686085,0.822057920196292,0.8920948776088156
BpowD,B^D,6,5,D_ones,3,0.47944137218843214,0.152129949469789,0.6524666721529534,0:0.633727;42:0.152130;1337:0.652467,0.8150841297184267,0.892119992390415
BpowD,B^D,7,6,D_ones,3,0.43628575334761477,0.02433259624813389,0.6751829538545661,0:0.609342;42:0.024333;1337:0.675183,0.8124133804833026,0.8819109454495891
BpowD,B^D,8,7,D_ones,3,0.40721591913120886,0.0,0.6433293570956062,0:0.578318;42:0.000000;1337:0.643329,0.8017966879680459,0.8687468642868366
BpowD,B^D,9,8,D_ones,3,0.37176019572350866,0.0,0.5721981446937566,0:0.543082;42:0.000000;1337:0.572198,0.7982643701543761,0.8509497286794829
BpowD,B^D,10,9,D_ones,3,0.44858181130502217,0.146521126154613,0.6097664538242884,0:0.589458;42:0.146521;1337:0.609766,0.7883924504242733,0.8724628184604354
BpowD,B^D,0,input,D_tag,3,0.0,0.0,0.0,0:0.000000;42:0.000000;1337:0.000000,-0.10551909400534443,-0.10551909400534443
BpowD,B^D,1,0,D_tag,3,0.0,0.0,0.0,0:0.000000;42:0.000000;1337:0.000000,-0.06573294074066187,-0.09087515435606229
BpowD,B^D,2,1,D_tag,3,0.0011866419749612714,0.0,0.0035599259248838143,0:0.003560;42:0.000000;1337:0.000000,-0.06361458404144044,-0.07371508505673573
BpowD,B^D,3,2,D_tag,3,0.002174343283160456,0.0,0.006523029849481368,0:0.006523;42:0.000000;1337:0.000000,-0.06415481303644323,-0.0656140586856513
BpowD,B^D,4,3,D_tag,3,0.0053603954889541,0.0,0.0160811864668623,0:0.016081;42:0.000000;1337:0.000000,-0.06667391292570325,-0.06626835835795364
BpowD,B^D,5,4,D_tag,3,0.00591334740140996,0.0,0.01410069005938387,0:0.014101;42:0.003639;1337:0.000000,-0.06783528812518823,-0.06411084790475931
BpowD,B^D,6,5,D_tag,3,0.011458711910155912,0.0,0.018105130868582748,0:0.016271;42:0.018105;1337:0.000000,-0.07193077889857953,-0.06181986506768324
BpowD,B^D,7,6,D_tag,3,0.015801956070918475,0.0,0.033032161697485914,0:0.033032;42:0.014374;1337:0.000000,-0.07549113289175884,-0.06026420212299055
BpowD,B^D,8,7,D_tag,3,0.012336967867133834,0.0,0.027153095397087563,0:0.027153;42:0.009858;1337:0.000000,-0.07454804321087606,-0.06345221762447961
BpowD,B^D,9,8,D_tag,3,0.014863281586090703,0.0,0.024239312681662902,0:0.024239;42:0.020351;1337:0.000000,-0.07482466028327663,-0.06130676638161533
BpowD,B^D,10,9,D_tag,3,0.01591647829434011,0.0,0.03208549674591303,0:0.032085;42:0.015664;1337:0.000000,-0.07075768792750156,-0.055246500816211665
BpowD,B^D,0,input,N_hundreds,3,0.005106486406228278,0.0,0.015319459218684458,0:0.015319;42:0.000000;1337:0.000000,-0.06171738993876182,-0.056286228100914194
BpowD,B^D,1,0,N_hundreds,3,0.005115213631643256,0.0,0.015345640894929674,0:0.000000;42:0.015346;1337:0.000000,-0.06171738993876191,-0.056310905099833435
BpowD,B^D,2,1,N_hundreds,3,2.6566798533042746e-16,0.0,6.263122645643801e-16,0:0.000000;42:0.000000;1337:0.000000,-0.061717389938761726,-0.061717389938761524
BpowD,B^D,3,2,N_hundreds,3,7.528817045896143e-16,0.0,2.0485630320126553e-15,0:0.000000;42:0.000000;1337:0.000000,-0.044723617016005975,-0.06171738993876182
BpowD,B^D,4,3,N_hundreds,3,0.0,0.0,0.0,0:0.000000;42:0.000000;1337:0.000000,-0.038489132243712594,-0.06171738993876169
BpowD,B^D,5,4,N_hundreds,3,0.0,0.0,0.0,0:0.000000;42:0.000000;1337:0.000000,-0.061717389938761545,-0.061717389938761746
BpowD,B^D,6,5,N_hundreds,3,0.005115213631643402,0.0,0.015345640894930115,0:0.000000;42:0.015346;1337:0.000000,-0.05449135809617909,-0.05631090509983308
BpowD,B^D,7,6,N_hundreds,3,0.0051152136316430655,0.0,0.015345640894929199,0:0.000000;42:0.015346;1337:0.000000,-0.04231581833810699,-0.0563109050998336
BpowD,B^D,8,7,N_hundreds,3,2.6596807962181245e-16,0.0,4.171304656823474e-16,0:0.000000;42:0.000000;1337:0.000000,-0.05449135809617909,-0.061717389938761545
BpowD,B^D,9,8,N_hundreds,3,0.007747542500227084,0.0,0.023242627500681217,0:0.000000;42:0.000000;1337:0.023243,-0.06171738993876161,-0.053469131155799376
BpowD,B^D,10,9,N_hundreds,3,1.247362360427363e-16,0.0,3.742087081282089e-16,0:0.000000;42:0.000000;1337:0.000000,-0.04333804527848692,-0.06171738993876197
BpowD,B^D,0,input,N_ones,3,3.262645707009566e-17,0.0,9.787937121028697e-17,0:0.000000;42:0.000000;1337:0.000000,-0.10956054924977533,-0.10956054924977555
BpowD,B^D,1,0,N_ones,3,0.041509660907573416,0.003794063987305835,0.07019255453333373,0:0.050542;42:0.003794;1337:0.070193,-0.13138332951472995,-0.08365764967891993
BpowD,B^D,2,1,N_ones,3,0.028889203241998316,0.0,0.07019270077212131,0:0.000000;42:0.016475;1337:0.070193,-0.12972074833895478,-0.10261529811038302
BpowD,B^D,3,2,N_ones,3,0.02872387231393528,0.0015763144265539457,0.06381959157528336,0:0.020776;42:0.001576;1337:0.063820,-0.1361642433927133,-0.10315732609818333
BpowD,B^D,4,3,N_ones,3,0.02446387185190249,0.014557124018830815,0.04259724414315116,0:0.016237;42:0.014557;1337:0.042597,-0.11799009037754211,-0.09079121870155993
BpowD,B^D,5,4,N_ones,3,0.023488126575388926,0.01910788563721925,0.031593558327684235,0:0.019108;42:0.031594;1337:0.019763,-0.13543094049685403,-0.10872706659252136
BpowD,B^D,6,5,N_ones,3,0.0057827402096483176,0.0,0.017348220628944953,0:0.017348;42:0.000000;1337:0.000000,-0.10849170538291432,-0.11955022575523999
BpowD,B^D,7,6,N_ones,3,0.022724840964797707,0.001992563470863532,0.0352259978705883,0:0.035226;42:0.001993;1337:0.030956,-0.11262726207847584,-0.08727321950358903
BpowD,B^D,8,7,N_ones,3,0.011786408353810398,0.0,0.035359225061431195,0:0.035359;42:0.000000;1337:0.000000,-0.11001435937434474,-0.10886049457171866
BpowD,B^D,9,8,N_ones,3,0.006027103469891701,0.0,0.016125408615825614,0:0.016125;42:0.001956;1337:0.000000,-0.10750240727355677,-0.10128793303267886
BpowD,B^D,10,9,N_ones,3,0.02228583175743189,0.018494331854958405,0.026520215218393803,0:0.018494;42:0.026520;1337:0.021843,-0.11543853061520189,-0.0905761957963741
BpowD,B^D,0,input,N_tag,3,0.0,0.0,0.0,0:0.000000;42:0.000000;1337:0.000000,-0.10551909400534443,-0.10551909400534443
BpowD,B^D,1,0,N_tag,3,0.0,0.0,0.0,0:0.000000;42:0.000000;1337:0.000000,-0.10551909400534443,-0.10551909400534443
BpowD,B^D,2,1,N_tag,3,0.0,0.0,0.0,0:0.000000;42:0.000000;1337:0.000000,-0.10551909400534443,-0.10551909400534443
BpowD,B^D,3,2,N_tag,3,0.0,0.0,0.0,0:0.000000;42:0.000000;1337:0.000000,-0.09879490191295527,-0.10551909400534443
BpowD,B^D,4,3,N_tag,3,0.0,0.0,0.0,0:0.000000;42:0.000000;1337:0.000000,-0.09920809616562742,-0.10551909400534443
BpowD,B^D,5,4,N_tag,3,0.0,0.0,0.0,0:0.000000;42:0.000000;1337:0.000000,-0.10551909400534443,-0.10551909400534443
BpowD,B^D,6,5,N_tag,3,0.0,0.0,0.0,0:0.000000;42:0.000000;1337:0.000000,-0.10551909400534443,-0.10551909400534443
BpowD,B^D,7,6,N_tag,3,0.0,0.0,0.0,0:0.000000;42:0.000000;1337:0.000000,-0.10551909400534443,-0.10551909400534443
BpowD,B^D,8,7,N_tag,3,0.0,0.0,0.0,0:0.000000;42:0.000000;1337:0.000000,-0.10551909400534443,-0.10551909400534443
BpowD,B^D,9,8,N_tag,3,0.0,0.0,0.0,0:0.000000;42:0.000000;1337:0.000000,-0.10551909400534443,-0.10551909400534443
BpowD,B^D,10,9,N_tag,3,0.0,0.0,0.0,0:0.000000;42:0.000000;1337:0.000000,-0.10551909400534443,-0.10551909400534443
BpowD,B^D,0,input,N_tens,3,5.487653782762848e-17,0.0,8.905149012081915e-17,0:0.000000;42:0.000000;1337:0.000000,-0.10882782250254086,-0.10882782250254079
BpowD,B^D,1,0,N_tens,3,0.00932047635562743,0.0,0.027961429066882287,0:0.027961;42:0.000000;1337:0.000000,-0.07584599745798042,-0.07503921050495764
BpowD,B^D,2,1,N_tens,3,0.0,0.0,0.0,0:0.000000;42:0.000000;1337:0.000000,-0.0727833364586664,-0.08518521642901904
BpowD,B^D,3,2,N_tens,3,0.009320476355684091,0.0,0.027961429067044578,0:0.027961;42:0.000000;1337:0.000000,-0.07971165933592256,-0.08921213743857688
BpowD,B^D,4,3,N_tens,3,0.021880158951177214,0.014985843839059742,0.02987129540188051,0:0.029871;42:0.014986;1337:0.020783,-0.0994841927569281,-0.0754027439256212
BpowD,B^D,5,4,N_tens,3,0.009184010812985421,0.0,0.022125676690128594,0:0.000000;42:0.005426;1337:0.022126,-0.08911060509002554,-0.08445511335347132
BpowD,B^D,6,5,N_tens,3,0.0,0.0,0.0,0:0.000000;42:0.000000;1337:0.000000,-0.07187896241573394,-0.08840898670724662
BpowD,B^D,7,6,N_tens,3,0.01129838036382069,0.0,0.03389514109140578,0:0.000000;42:0.033895;1337:0.000000,-0.07971165933593327,-0.08715914288829463
BpowD,B^D,8,7,N_tens,3,0.011069860691715366,0.0,0.0332095820751461,0:0.033210;42:0.000000;1337:0.000000,-0.07986713356681142,-0.06784788695036971
BpowD,B^D,9,8,N_tens,3,0.011618010024089827,0.0,0.03485403007225418,0:0.000000;42:0.034854;1337:0.000000,-0.08253549072486545,-0.07722490179068862
BpowD,B^D,10,9,N_tens,3,0.01720131893906882,0.0,0.032952191354319156,0:0.018652;42:0.032952;1337:0.000000,-0.08595405124814832,-0.06810420937616361
BpowD,B^D,0,input,O[0],3,0.0,0.0,0.0,0:0.000000;42:0.000000;1337:0.000000,-0.10551909400534443,-0.10551909400534443
BpowD,B^D,1,0,O[0],3,0.019471880925202825,0.0,0.05841564277560848,0:0.000000;42:0.058416;1337:0.000000,0.7210518805978299,0.6839359934721639
BpowD,B^D,2,1,O[0],3,0.5269999535506383,0.39214098887392107,0.6567245730682538,0:0.392141;42:0.656725;1337:0.532134,0.7343479293411385,0.876489089127733
BpowD,B^D,3,2,O[0],3,0.29009865004729035,0.09716677924452292,0.6218163676305043,0:0.097167;42:0.621816;1337:0.151313,0.7272784869547153,0.8223904739060236
BpowD,B^D,4,3,O[0],3,0.23862563381304247,0.07422642671905676,0.5288081660653479,0:0.112842;42:0.528808;1337:0.074226,0.7048001900024827,0.7897077557660847
BpowD,B^D,5,4,O[0],3,0.15579181842343864,0.0,0.4324697260015074,0:0.034906;42:0.432470;1337:0.000000,0.7056415785993794,0.7661247461897615
BpowD,B^D,6,5,O[0],3,0.1478650689451324,0.012454823169863209,0.39204750980830144,0:0.012455;42:0.392048;1337:0.039093,0.6972482697007308,0.7533620630327532
BpowD,B^D,7,6,O[0],3,0.1483704572146343,0.036880568509702887,0.3641989546969547,0:0.036881;42:0.364199;1337:0.044032,0.6940949971906417,0.7484947664258016
BpowD,B^D,8,7,O[0],3,0.1263270639513455,0.006883183844731594,0.34966504163779555,0:0.022433;42:0.349665;1337:0.006883,0.6892169395888099,0.7389440613516894
BpowD,B^D,9,8,O[0],3,0.11481216681985128,0.0,0.3374724140835521,0:0.006964;42:0.337472;1337:0.000000,0.6885524244688588,0.7318673556208136
BpowD,B^D,10,9,O[0],3,0.13272336132991033,0.01156346477513292,0.32487563071255976,0:0.061731;42:0.324876;1337:0.011563,0.6776144249802764,0.7309295953675603
BpowD,B^D,0,input,O[1],3,0.002838419974261599,0.0,0.005613948596522298,0:0.000000;42:0.005614;1337:0.002901,-0.07929303993211827,-0.08524628966003119
BpowD,B^D,1,0,O[1],3,0.2093080987444043,0.0,0.5029895565626078,0:0.124935;42:0.502990;1337:0.000000,0.3989350063057225,0.5703844365499772
BpowD,B^D,2,1,O[1],3,0.638981710068112,0.5947966833528356,0.6687241022161959,0:0.594797;42:0.668724;1337:0.653424,0.60699830102458,0.857699288223562
BpowD,B^D,3,2,O[1],3,0.5771051665588878,0.4308226953215519,0.6688486517475717,0:0.430823;42:0.668849;1337:0.631644,0.5859753468090219,0.8250818730469319
BpowD,B^D,4,3,O[1],3,0.548765310235038,0.4127842918109283,0.628814628548436,0:0.412784;42:0.628815;1337:0.604697,0.5938817889043896,0.8163521470857708
BpowD,B^D,5,4,O[1],3,0.5194460326417528,0.37385600802603874,0.6257239339648939,0:0.373856;42:0.558758;1337:0.625724,0.5680630027018486,0.7881473783986098
BpowD,B^D,6,5,O[1],3,0.49177130234998323,0.3433420565785002,0.5663013807810571,0:0.343342;42:0.566301;1337:0.565670,0.5617388958224531,0.7755478858726654
BpowD,B^D,7,6,O[1],3,0.49771742533875485,0.354796637653677,0.5859434913560276,0:0.354797;42:0.585943;1337:0.552412,0.565813753533884,0.7806729182363314
BpowD,B^D,8,7,O[1],3,0.4658208742008015,0.290830476946642,0.5946254482341012,0:0.290830;42:0.594625;1337:0.512007,0.5615836014770287,0.7686335097621707
BpowD,B^D,9,8,O[1],3,0.4117298798645945,0.23072026199628892,0.5318160250559458,0:0.230720;42:0.531816;1337:0.472653,0.5840006491111315,0.7557925537098518
BpowD,B^D,10,9,O[1],3,0.4074995669015027,0.2497209039389033,0.5130473281891689,0:0.249721;42:0.513047;1337:0.459730,0.582985132900907,0.7535460783539643
NdivBpowD,N / B^D,0,input,B_ones,3,7.14060941246278e-17,0.0,2.142182823738834e-16,0:0.000000;42:0.000000;1337:0.000000,-0.2804586199643478,-0.300161171290339
NdivBpowD,N / B^D,1,0,B_ones,3,0.003436306455215046,0.0,0.010308919365645137,0:0.000000;42:0.000000;1337:0.010309,-0.1664587821885797,-0.1655768964393365
NdivBpowD,N / B^D,2,1,B_ones,3,0.0,0.0,0.0,0:0.000000;42:0.000000;1337:0.000000,-0.15865367414294307,-0.17579332851181015
NdivBpowD,N / B^D,3,2,B_ones,3,0.0035104197862652147,0.0,0.010531259358795642,0:0.000000;42:0.010531;1337:0.000000,-0.16257359198437651,-0.15968876105566665
NdivBpowD,N / B^D,4,3,B_ones,3,0.0004907020676349544,0.0,0.0007915567672745664,0:0.000681;42:0.000792;1337:0.000000,-0.15817209780207572,-0.15779295036207883
NdivBpowD,N / B^D,5,4,B_ones,3,0.003109150277368676,0.0016862256501325697,0.004959894591232923,0:0.004960;42:0.002681;1337:0.001686,-0.1639229613535968,-0.16030409264799317
NdivBpowD,N / B^D,6,5,B_ones,3,0.0024500715414984033,0.0,0.0050555466226697605,0:0.005056;42:0.002295;1337:0.000000,-0.15962371776859938,-0.1614732898517417
NdivBpowD,N / B^D,7,6,B_ones,3,0.0056740562238480575,0.0,0.011012377680290156,0:0.006010;42:0.011012;1337:0.000000,-0.16372436319599662,-0.16357777673636256
NdivBpowD,N / B^D,8,7,B_ones,3,0.006039868794405992,0.0,0.011145188421543167,0:0.006974;42:0.011145;1337:0.000000,-0.16370295731702664,-0.1605527140573451
NdivBpowD,N / B^D,9,8,B_ones,3,0.006695268020461234,0.0,0.010970773203861117,0:0.009115;42:0.010971;1337:0.000000,-0.16301820637179792,-0.1596431399512183
NdivBpowD,N / B^D,10,9,B_ones,3,0.004052567921467576,0.0,0.006852504174587178,0:0.006853;42:0.005305;1337:0.000000,-0.16227574037344117,-0.16190769491072418
NdivBpowD,N / B^D,0,input,B_tag,3,0.0,0.0,0.0,0:0.000000;42:0.000000;1337:0.000000,-0.29967070839609056,-0.29967070839609056
NdivBpowD,N / B^D,1,0,B_tag,3,0.06056317079602467,0.0,0.13399941740299515,0:0.133999;42:0.047690;1337:0.000000,-0.2598289420080801,-0.20054720241747237
NdivBpowD,N / B^D,2,1,B_tag,3,0.0,0.0,0.0,0:0.000000;42:0.000000;1337:0.000000,-0.22211544861389868,-0.28114836817778555
NdivBpowD,N / B^D,3,2,B_tag,3,0.10915210933746171,0.046792262527228234,0.18440413988099716,0:0.046792;42:0.096260;1337:0.184404,-0.279688383861359,-0.1374381964278216
NdivBpowD,N / B^D,4,3,B_tag,3,0.03335339990268257,0.0,0.09094626239604535,0:0.009114;42:0.090946;1337:0.000000,-0.2605890296053287,-0.21677582061910103
NdivBpowD,N / B^D,5,4,B_tag,3,0.031021273245401937,0.0,0.09306381973620581,0:0.093064;42:0.000000;1337:0.000000,-0.21976564902308982,-0.2406815323621081
NdivBpowD,N / B^D,6,5,B_tag,3,0.04605172283127338,0.0,0.09030880617668675,0:0.047846;42:0.000000;1337:0.090309,-0.24087349167829877,-0.1840465326509615
NdivBpowD,N / B^D,7,6,B_tag,3,0.03220046838034311,0.0,0.04855271432420543,0:0.048049;42:0.048553;1337:0.000000,-0.2429113126096919,-0.21996802990239409
NdivBpowD,N / B^D,8,7,B_tag,3,0.060520902565717544,0.0,0.09254130897912198,0:0.000000;42:0.092541;1337:0.089021,-0.26128680943318455,-0.19933888592221857
NdivBpowD,N / B^D,9,8,B_tag,3,0.05247691446523738,0.0062186147957554476,0.09673499271328516,0:0.054477;42:0.096735;1337:0.006219,-0.24511854644777634,-0.17872465195688392
NdivBpowD,N / B^D,10,9,B_tag,3,0.06526022040264944,0.0,0.14460345070806607,0:0.051177;42:0.000000;1337:0.144603,-0.22068081180430124,-0.1597998612311327
NdivBpowD,N / B^D,0,input,B_tens,3,0.0,0.0,0.0,0:0.000000;42:0.000000;1337:0.000000,-0.29809445596921647,-0.2980944559692165
NdivBpowD,N / B^D,1,0,B_tens,3,0.004023021435223404,0.0,0.008240626871984874,0:0.008241;42:0.000000;1337:0.003828,-0.17216624927148572,-0.17349557194506704
NdivBpowD,N / B^D,2,1,B_tens,3,0.000506147151485137,0.0,0.0015184414544554107,0:0.000000;42:0.000000;1337:0.001518,-0.17310463866387513,-0.17506195423189283
NdivBpowD,N / B^D,3,2,B_tens,3,0.0008527110346306098,0.0,0.0025581331038918294,0:0.000000;42:0.000000;1337:0.002558,-0.17178517723777745,-0.1767218856041928
NdivBpowD,N / B^D,4,3,B_tens,3,0.0008831143703295049,0.0,0.002649343110988514,0:0.000000;42:0.002649;1337:0.000000,-0.1682837944829392,-0.17267174712879094
NdivBpowD,N / B^D,5,4,B_tens,3,0.0,0.0,0.0,0:0.000000;42:0.000000;1337:0.000000,-0.17070598714052362,-0.1801570244725835
NdivBpowD,N / B^D,6,5,B_tens,3,0.0,0.0,0.0,0:0.000000;42:0.000000;1337:0.000000,-0.16928083662721938,-0.18110743753755973
NdivBpowD,N / B^D,7,6,B_tens,3,0.0007184175691041041,0.0,0.0021552527073123123,0:0.000000;42:0.002155;1337:0.000000,-0.17018762118344646,-0.17428807975707658
NdivBpowD,N / B^D,8,7,B_tens,3,0.0016820129688291752,0.0,0.005046038906487526,0:0.000000;42:0.005046;1337:0.000000,-0.17333079537060816,-0.17145070529924586
NdivBpowD,N / B^D,9,8,B_tens,3,0.0,0.0,0.0,0:0.000000;42:0.000000;1337:0.000000,-0.16732262983600124,-0.17252030789286502
NdivBpowD,N / B^D,10,9,B_tens,3,0.0,0.0,0.0,0:0.000000;42:0.000000;1337:0.000000,-0.16903682789636434,-0.1745185004662749
NdivBpowD,N / B^D,0,input,D_ones,3,1.1699109477499158e-16,0.0,3.5097328432497474e-16,0:0.000000;42:0.000000;1337:0.000000,0.3893075906156945,0.3681258684916829
NdivBpowD,N / B^D,1,0,D_ones,3,0.21466839806989513,0.0,0.6440051942096854,0:0.644005;42:0.000000;1337:0.000000,0.9605377432977215,0.9476406444680352
NdivBpowD,N / B^D,2,1,D_ones,3,0.05542582483151171,0.0,0.16627747449453514,0:0.000000;42:0.166277;1337:0.000000,0.9520893571406569,0.8724150599989707
NdivBpowD,N / B^D,3,2,D_ones,3,0.21403330179335758,0.11158543609469733,0.32384951385954647,0:0.323850;42:0.206665;1337:0.111585,0.9492298328428431,0.960038597268689
NdivBpowD,N / B^D,4,3,D_ones,3,0.23501684300945536,0.13841485969926057,0.41715256340290474,0:0.417153;42:0.149483;1337:0.138415,0.947251837507571,0.9589991227634226
NdivBpowD,N / B^D,5,4,D_ones,3,0.31025147898031685,0.1871784765961831,0.48598497589044093,0:0.485985;42:0.187178;1337:0.257591,0.9427013416148521,0.9597579270946248
NdivBpowD,N / B^D,6,5,D_ones,3,0.24056360591832127,0.14419542837724542,0.37791798443123636,0:0.377918;42:0.144195;1337:0.199577,0.9401616379439116,0.9538836279221968
NdivBpowD,N / B^D,7,6,D_ones,3,0.3277654692347047,0.15257653427037682,0.5504064945170992,0:0.550406;42:0.152577;1337:0.280313,0.9414765771234891,0.959813234996138
NdivBpowD,N / B^D,8,7,D_ones,3,0.2893825233093276,0.18385130552642515,0.4790829985755998,0:0.479083;42:0.183851;1337:0.205213,0.9424436559098824,0.958491167368939
NdivBpowD,N / B^D,9,8,D_ones,3,0.15721386664965778,0.07421710182210585,0.28765514532907405,0:0.287655;42:0.109769;1337:0.074217,0.9444945005128633,0.9526272140981015
NdivBpowD,N / B^D,10,9,D_ones,3,0.06487013345907161,0.0,0.12836497916863282,0:0.128365;42:0.066245;1337:0.000000,0.9433693394476445,0.9441180102310679
NdivBpowD,N / B^D,0,input,D_tag,3,0.0,0.0,0.0,0:0.000000;42:0.000000;1337:0.000000,-0.29967070839609056,-0.29967070839609056
NdivBpowD,N / B^D,1,0,D_tag,3,0.00395051123581652,0.0,0.01062971506626772,0:0.000000;42:0.010630;1337:0.001222,-0.1664910900897595,-0.16852929165145147
NdivBpowD,N / B^D,2,1,D_tag,3,0.007157936080800221,0.0,0.012909205278122,0:0.008565;42:0.012909;1337:0.000000,-0.16400074080114577,-0.1578152200840504
NdivBpowD,N / B^D,3,2,D_tag,3,0.00461300527535551,0.0,0.01383901582606653,0:0.013839;42:0.000000;1337:0.000000,-0.16657478002799309,-0.1634644331302017
NdivBpowD,N / B^D,4,3,D_tag,3,0.006390941824494761,0.0,0.014236991931262108,0:0.004936;42:0.014237;1337:0.000000,-0.1674166530760135,-0.1635747025914128
NdivBpowD,N / B^D,5,4,D_tag,3,0.0021606763193381113,0.0,0.003948066590747225,0:0.003948;42:0.000000;1337:0.002534,-0.16424028203984398,-0.16225280256647331
NdivBpowD,N / B^D,6,5,D_tag,3,0.005988827360942389,0.0,0.012227859293617869,0:0.012228;42:0.005739;1337:0.000000,-0.16576729871640677,-0.16087138671970533
NdivBpowD,N / B^D,7,6,D_tag,3,0.0019673634044365656,0.0,0.005290330507260267,0:0.005290;42:0.000612;1337:0.000000,-0.16452851449936018,-0.16322067707028173
NdivBpowD,N / B^D,8,7,D_tag,3,0.004579320631240789,0.0,0.013737961893722367,0:0.013738;42:0.000000;1337:0.000000,-0.16739516745108204,-0.16544906262510506
NdivBpowD,N / B^D,9,8,D_tag,3,0.004418381003241039,0.0,0.013255143009723117,0:0.013255;42:0.000000;1337:0.000000,-0.16639246506640262,-0.16495582821358795
NdivBpowD,N / B^D,10,9,D_tag,3,0.009068205264600874,0.0,0.01962199180146499,0:0.019622;42:0.000000;1337:0.007583,-0.1667888067044634,-0.1569300841769651
NdivBpowD,N / B^D,0,input,N_hundreds,3,0.01826403696004923,0.0,0.05479211088014718,0:0.054792;42:0.000000;1337:0.000000,-0.23720639805697563,-0.21453301915044073
NdivBpowD,N / B^D,1,0,N_hundreds,3,0.015463058343346513,0.0,0.046389175030039316,0:0.000000;42:0.046389;1337:0.000000,-0.2372063980569755,-0.21796792327835743
NdivBpowD,N / B^D,2,1,N_hundreds,3,0.0,0.0,0.0,0:0.000000;42:0.000000;1337:0.000000,-0.2372063980569754,-0.23720639805697571
NdivBpowD,N / B^D,3,2,N_hundreds,3,7.600698808632428e-16,0.0,2.146357217165244e-15,0:0.000000;42:0.000000;1337:0.000000,-0.19683151097736082,-0.23720639805697571
NdivBpowD,N / B^D,4,3,N_hundreds,3,2.2308737570747408e-17,0.0,6.692621271224223e-17,0:0.000000;42:0.000000;1337:0.000000,-0.1798925061085703,-0.23720639805697538
NdivBpowD,N / B^D,5,4,N_hundreds,3,5.962103381014581e-17,0.0,1.788631014304374e-16,0:0.000000;42:0.000000;1337:0.000000,-0.23720639805697527,-0.2372063980569756
NdivBpowD,N / B^D,6,5,N_hundreds,3,0.015463058343346782,0.0,0.04638917503004034,0:0.000000;42:0.046389;1337:0.000000,-0.2176958739723686,-0.2179679232783572
NdivBpowD,N / B^D,7,6,N_hundreds,3,0.01546305834334667,0.0,0.04638917503003979,0:0.000000;42:0.046389;1337:0.000000,-0.19759318397684925,-0.2179679232783572
NdivBpowD,N / B^D,8,7,N_hundreds,3,4.472736069993751e-17,0.0,1.1154368785373707e-16,0:0.000000;42:0.000000;1337:0.000000,-0.21769587397236875,-0.23720639805697563
NdivBpowD,N / B^D,9,8,N_hundreds,3,0.016180589724521105,0.0,0.048541769173563225,0:0.000000;42:0.000000;1337:0.048542,-0.2372063980569756,-0.2173683487358642
NdivBpowD,N / B^D,10,9,N_hundreds,3,7.436245856915802e-17,0.0,2.2308737570747405e-16,0:0.000000;42:0.000000;1337:0.000000,-0.19792070921335406,-0.23720639805697544
NdivBpowD,N / B^D,0,input,N_ones,3,2.9693175315025055e-16,0.0,6.765008221983799e-16,0:0.000000;42:0.000000;1337:0.000000,-0.3030370946383993,-0.30303709463839895
NdivBpowD,N / B^D,1,0,N_ones,3,0.09393318438138461,0.0001400920831997474,0.1445147716034353,0:0.144515;42:0.000140;1337:0.137145,-0.26056783866608674,-0.1376466005208769
NdivBpowD,N / B^D,2,1,N_ones,3,0.06130709430508823,0.0,0.13714464361628334,0:0.000000;42:0.046777;1337:0.137145,-0.26139633077923574,-0.19799705108377508
NdivBpowD,N / B^D,3,2,N_ones,3,0.06496139122173682,0.0,0.13883551524225068,0:0.056049;42:0.000000;1337:0.138836,-0.28133422486021364,-0.19782507713791156
NdivBpowD,N / B^D,4,3,N_ones,3,0.06299622733525993,0.04537677433807489,0.09511574831178832,0:0.048496;42:0.045377;1337:0.095116,-0.2400412511137805,-0.16240172193362432
NdivBpowD,N / B^D,5,4,N_ones,3,0.0601023466492133,0.039887952222538076,0.08968346352937488,0:0.050736;42:0.089683;1337:0.039888,-0.27956408755973766,-0.2019760546458369
NdivBpowD,N / B^D,6,5,N_ones,3,0.015571184082320265,0.0,0.0467135522469608,0:0.046714;42:0.000000;1337:0.000000,-0.2206845168473098,-0.24172051655263563
NdivBpowD,N / B^D,7,6,N_ones,3,0.051293172263987864,0.0013872085441621284,0.0970574248388185,0:0.097057;42:0.001387;1337:0.055435,-0.219867117781493,-0.15747163524970623
NdivBpowD,N / B^D,8,7,N_ones,3,0.03049120750845655,0.0,0.09147362248518105,0:0.091474;42:0.000000;1337:0.000000,-0.2176895163830326,-0.20404543003089648
NdivBpowD,N / B^D,9,8,N_ones,3,0.016182345129317075,0.0,0.04616026286563624,0:0.046160;42:0.002387;1337:0.000000,-0.22134013344922063,-0.20091706424284353
NdivBpowD,N / B^D,10,9,N_ones,3,0.06418128074670736,0.049524240892336625,0.09163698782496965,0:0.051383;42:0.091637;1337:0.049524,-0.23795415675327558,-0.15785646390860522
NdivBpowD,N / B^D,0,input,N_tag,3,0.0,0.0,0.0,0:0.000000;42:0.000000;1337:0.000000,-0.29967070839609056,-0.29967070839609056
NdivBpowD,N / B^D,1,0,N_tag,3,0.0,0.0,0.0,0:0.000000;42:0.000000;1337:0.000000,-0.29967070839609056,-0.29967070839609056
NdivBpowD,N / B^D,2,1,N_tag,3,0.0,0.0,0.0,0:0.000000;42:0.000000;1337:0.000000,-0.29967070839609056,-0.29967070839609056
NdivBpowD,N / B^D,3,2,N_tag,3,0.0,0.0,0.0,0:0.000000;42:0.000000;1337:0.000000,-0.27964031186348354,-0.29967070839609056
NdivBpowD,N / B^D,4,3,N_tag,3,0.0,0.0,0.0,0:0.000000;42:0.000000;1337:0.000000,-0.2803732370581001,-0.29967070839609056
NdivBpowD,N / B^D,5,4,N_tag,3,0.0,0.0,0.0,0:0.000000;42:0.000000;1337:0.000000,-0.29967070839609056,-0.29967070839609056
NdivBpowD,N / B^D,6,5,N_tag,3,0.0,0.0,0.0,0:0.000000;42:0.000000;1337:0.000000,-0.29967070839609056,-0.29967070839609056
NdivBpowD,N / B^D,7,6,N_tag,3,0.0,0.0,0.0,0:0.000000;42:0.000000;1337:0.000000,-0.29967070839609056,-0.29967070839609056
NdivBpowD,N / B^D,8,7,N_tag,3,0.0,0.0,0.0,0:0.000000;42:0.000000;1337:0.000000,-0.29967070839609056,-0.29967070839609056
NdivBpowD,N / B^D,9,8,N_tag,3,0.0,0.0,0.0,0:0.000000;42:0.000000;1337:0.000000,-0.29967070839609056,-0.29967070839609056
NdivBpowD,N / B^D,10,9,N_tag,3,0.0,0.0,0.0,0:0.000000;42:0.000000;1337:0.000000,-0.29967070839609056,-0.29967070839609056
NdivBpowD,N / B^D,0,input,N_tens,3,4.2570828418288445e-17,0.0,8.52587599970833e-17,0:0.000000;42:0.000000;1337:0.000000,-0.3014871925649587,-0.3014871925649587
NdivBpowD,N / B^D,1,0,N_tens,3,0.032304048983349445,0.0,0.09691214691880944,0:0.096912;42:0.000000;1337:0.000000,-0.1971070684117617,-0.19601046049561055
NdivBpowD,N / B^D,2,1,N_tens,3,0.0,0.0,0.0,0:0.000000;42:0.000000;1337:0.000000,-0.2164244316917215,-0.23770676002760557
NdivBpowD,N / B^D,3,2,N_tens,3,0.03230404897285299,0.0,0.09691214691850593,0:0.096912;42:0.000000;1337:0.000000,-0.23710564243504542,-0.23594058937555895
NdivBpowD,N / B^D,4,3,N_tens,3,0.059395358671210145,0.042608854569054444,0.08989966218039806,0:0.089900;42:0.045678;1337:0.042609,-0.27736019965267095,-0.20140663922405735
NdivBpowD,N / B^D,5,4,N_tens,3,0.016146736427903537,0.0,0.04729378023211678,0:0.000000;42:0.001146;1337:0.047294,-0.23451650508437746,-0.23683295665718074
NdivBpowD,N / B^D,6,5,N_tens,3,0.0,0.0,0.0,0:0.000000;42:0.000000;1337:0.000000,-0.19269136440291443,-0.2375135946563093
NdivBpowD,N / B^D,7,6,N_tens,3,0.031246457645385212,0.0,0.09373937293615564,0:0.000000;42:0.093739;1337:0.000000,-0.2371056424350302,-0.23719326748193895
NdivBpowD,N / B^D,8,7,N_tens,3,0.031581331161557376,0.0,0.09474399348464287,0:0.094744;42:0.000000;1337:0.000000,-0.21471249694007977,-0.17637189476120238
NdivBpowD,N / B^D,9,8,N_tens,3,0.03319069239762755,0.0,0.09957207719288265,0:0.000000;42:0.099572;1337:0.000000,-0.21889347675042867,-0.19786982041137513
NdivBpowD,N / B^D,10,9,N_tens,3,0.05142167909584506,0.0,0.09618692549520007,0:0.058078;42:0.096187;1337:0.000000,-0.238183219173938,-0.1735726689293784
NdivBpowD,N / B^D,0,input,O[0],3,0.0,0.0,0.0,0:0.000000;42:0.000000;1337:0.000000,-0.29967070839609056,-0.29967070839609056
NdivBpowD,N / B^D,1,0,O[0],3,0.14847790450624293,0.0,0.40870002568488734,0:0.036734;42:0.408700;1337:0.000000,0.889646975086742,0.8989339795207653
NdivBpowD,N / B^D,2,1,O[0],3,0.22915210609405054,0.0,0.3630596123192995,0:0.324397;42:0.000000;1337:0.363060,0.8908022988807814,0.9097640518716763
NdivBpowD,N / B^D,3,2,O[0],3,0.2691057139753085,0.0,0.4974456868583444,0:0.497446;42:0.000000;1337:0.309871,0.8874366264139374,0.9103343410861623
NdivBpowD,N / B^D,4,3,O[0],3,0.1552096220742575,0.0,0.23969345331948602,0:0.225935;42:0.000000;1337:0.239693,0.8903343142131392,0.8970931733669731
NdivBpowD,N / B^D,5,4,O[0],3,0.12000957463907673,0.0,0.21501455188256088,0:0.215015;42:0.000000;1337:0.145014,0.8875191781835229,0.8901014812124588
NdivBpowD,N / B^D,6,5,O[0],3,0.06508896036928212,0.0,0.1115002086622525,0:0.083767;42:0.000000;1337:0.111500,0.886871430011429,0.8782759832167946
NdivBpowD,N / B^D,7,6,O[0],3,0.0,0.0,0.0,0:0.000000;42:0.000000;1337:0.000000,0.8851376945734716,0.8632417198953748
NdivBpowD,N / B^D,8,7,O[0],3,0.0,0.0,0.0,0:0.000000;42:0.000000;1337:0.000000,0.8845279405451819,0.8478220435261693
NdivBpowD,N / B^D,9,8,O[0],3,0.0,0.0,0.0,0:0.000000;42:0.000000;1337:0.000000,0.8869824362920967,0.8342810253004184
NdivBpowD,N / B^D,10,9,O[0],3,0.0,0.0,0.0,0:0.000000;42:0.000000;1337:0.000000,0.8893298582155308,0.8211850357366712
NdivBpowD,N / B^D,0,input,O[1],3,0.0287076192058561,0.0,0.04517420272526577,0:0.000000;42:0.040949;1337:0.045174,-0.2756290713425016,-0.24376384043476942
NdivBpowD,N / B^D,1,0,O[1],3,0.25776546845480836,0.042463095812467856,0.47351320595736635,0:0.257320;42:0.473513;1337:0.042463,0.7913138774577552,0.843599971961731
NdivBpowD,N / B^D,2,1,O[1],3,0.4171052655925814,0.2726133905730756,0.5679077099678554,0:0.410795;42:0.272613;1337:0.567908,0.8320682199795679,0.9039000013612083
NdivBpowD,N / B^D,3,2,O[1],3,0.2859989656178175,0.03335402036899899,0.45459604171221807,0:0.370047;42:0.033354;1337:0.454596,0.8329444162539614,0.8832522403632203
NdivBpowD,N / B^D,4,3,O[1],3,0.15534823962132469,0.0,0.3158541930491979,0:0.150191;42:0.000000;1337:0.315854,0.8329536146226094,0.8550816265618009
NdivBpowD,N / B^D,5,4,O[1],3,0.08015587192819525,0.0,0.20103157664704838,0:0.039436;42:0.000000;1337:0.201032,0.8388273775917124,0.8412822602153387
NdivBpowD,N / B^D,6,5,O[1],3,0.02889179459760711,0.0,0.08667538379282132,0:0.000000;42:0.000000;1337:0.086675,0.8403618639480234,0.8259776147958199
NdivBpowD,N / B^D,7,6,O[1],3,0.0,0.0,0.0,0:0.000000;42:0.000000;1337:0.000000,0.8388072225343235,0.8128524561097321
NdivBpowD,N / B^D,8,7,O[1],3,0.0,0.0,0.0,0:0.000000;42:0.000000;1337:0.000000,0.8412003197641255,0.7972358280402556
NdivBpowD,N / B^D,9,8,O[1],3,0.0,0.0,0.0,0:0.000000;42:0.000000;1337:0.000000,0.8426338054077555,0.7815629760281032
NdivBpowD,N / B^D,10,9,O[1],3,0.0,0.0,0.0,0:0.000000;42:0.000000;1337:0.000000,0.8391470590787201,0.7651302799255508
floorNdivBpowD,floor(N / B^D),0,input,B_ones,3,2.859713852591786e-17,0.0,8.579141557775359e-17,0:0.000000;42:0.000000;1337:0.000000,-0.2788411333186546,-0.29841975789853453
floorNdivBpowD,floor(N / B^D),1,0,B_ones,3,0.0034252962339963024,0.0,0.010275888701988907,0:0.000000;42:0.000000;1337:0.010276,-0.16660248331532587,-0.16572962127100813
floorNdivBpowD,floor(N / B^D),2,1,B_ones,3,0.0,0.0,0.0,0:0.000000;42:0.000000;1337:0.000000,-0.15879744892330716,-0.1759200979156991
floorNdivBpowD,floor(N / B^D),3,2,B_ones,3,0.003515496485219495,0.0,0.010546489455658484,0:0.000000;42:0.010546;1337:0.000000,-0.16271408324585865,-0.15982687145696153
floorNdivBpowD,floor(N / B^D),4,3,B_ones,3,0.0004891454476452737,0.0,0.0007958363358325686,0:0.000672;42:0.000796;1337:0.000000,-0.1583109385329323,-0.1579382520843192
floorNdivBpowD,floor(N / B^D),5,4,B_ones,3,0.0031028448045291464,0.0016799991732638242,0.004955327702788109,0:0.004955;42:0.002673;1337:0.001680,-0.16406072288808538,-0.1604487193125503
floorNdivBpowD,floor(N / B^D),6,5,B_ones,3,0.002449309200639084,0.0,0.0050530970807038935,0:0.005053;42:0.002295;1337:0.000000,-0.15976457951771406,-0.16161935802434166
floorNdivBpowD,floor(N / B^D),7,6,B_ones,3,0.0056738950812978165,0.0,0.011014260519269571,0:0.006007;42:0.011014;1337:0.000000,-0.16386753401098528,-0.16372645469538585
floorNdivBpowD,floor(N / B^D),8,7,B_ones,3,0.006043114729333107,0.0,0.01114007280761018,0:0.006989;42:0.011140;1337:0.000000,-0.16384381798637845,-0.16069610782519592
floorNdivBpowD,floor(N / B^D),9,8,B_ones,3,0.006697862619527716,0.0,0.010981572384613824,0:0.009112;42:0.010982;1337:0.000000,-0.16315741429781258,-0.15978367691847387
floorNdivBpowD,floor(N / B^D),10,9,B_ones,3,0.0040512869388223795,0.0,0.006843183938912569,0:0.006843;42:0.005311;1337:0.000000,-0.1624103692507943,-0.16204686490802725
floorNdivBpowD,floor(N / B^D),0,input,B_tag,3,0.0,0.0,0.0,0:0.000000;42:0.000000;1337:0.000000,-0.29793761190187773,-0.29793761190187773
floorNdivBpowD,floor(N / B^D),1,0,B_tag,3,0.06026317954882155,0.0,0.13336067025865836,0:0.133361;42:0.047429;1337:0.000000,-0.25866860721437074,-0.19976370313269873
floorNdivBpowD,floor(N / B^D),2,1,B_tag,3,0.0,0.0,0.0,0:0.000000;42:0.000000;1337:0.000000,-0.22119633268464145,-0.27987319957854173
floorNdivBpowD,floor(N / B^D),3,2,B_tag,3,0.10865364940074468,0.04655838474467618,0.18363957668536832,0:0.046558;42:0.095763;1337:0.183640,-0.2784272020774047,-0.13697412801644965
floorNdivBpowD,floor(N / B^D),4,3,B_tag,3,0.033206347865461644,0.0,0.09050440489515266,0:0.009115;42:0.090504;1337:0.000000,-0.2594179832584323,-0.21585322973739252
floorNdivBpowD,floor(N / B^D),5,4,B_tag,3,0.030872822968801228,0.0,0.09261846890640368,0:0.092618;42:0.000000;1337:0.000000,-0.21883950304495167,-0.23964686486018202
floorNdivBpowD,floor(N / B^D),6,5,B_tag,3,0.04582961611056079,0.0,0.08989621844222463,0:0.047593;42:0.000000;1337:0.089896,-0.2398414606317627,-0.18333520789375723
floorNdivBpowD,floor(N / B^D),7,6,B_tag,3,0.03203311175625567,0.0,0.04830682995581843,0:0.047793;42:0.048307;1337:0.000000,-0.24186738641200364,-0.2190618348240055
floorNdivBpowD,floor(N / B^D),8,7,B_tag,3,0.06023891495230719,0.0,0.09208008040688716,0:0.000000;42:0.092080;1337:0.088637,-0.26012633989147077,-0.19852039328957094
floorNdivBpowD,floor(N / B^D),9,8,B_tag,3,0.05222645572082721,0.006213450318760972,0.0962310818378231,0:0.054235;42:0.096231;1337:0.006213,-0.24405222416045305,-0.17804014418529104
floorNdivBpowD,floor(N / B^D),10,9,B_tag,3,0.06495596636868824,0.0,0.14397047422242892,0:0.050897;42:0.000000;1337:0.143970,-0.21976576211318002,-0.15920328079665644
floorNdivBpowD,floor(N / B^D),0,input,B_tens,3,1.1408320508521962e-16,4.298594634711784e-17,1.7131111258045468e-16,0:0.000000;42:0.000000;1337:0.000000,-0.2963507912012398,-0.2963507912012397
floorNdivBpowD,floor(N / B^D),1,0,B_tens,3,0.004009141811086331,0.0,0.008232225643436258,0:0.008232;42:0.000000;1337:0.003795,-0.17230076592554902,-0.17364591889387956
floorNdivBpowD,floor(N / B^D),2,1,B_tens,3,0.0005033471240397787,0.0,0.0015100413721193362,0:0.000000;42:0.000000;1337:0.001510,-0.17323854298062513,-0.17520897729199747
floorNdivBpowD,floor(N / B^D),3,2,B_tens,3,0.0008523760543875958,0.0,0.0025571281631627876,0:0.000000;42:0.000000;1337:0.002557,-0.17192511264702806,-0.17687164464574914
floorNdivBpowD,floor(N / B^D),4,3,B_tens,3,0.0008836253086069674,0.0,0.0026508759258209017,0:0.000000;42:0.002651;1337:0.000000,-0.1684253558548682,-0.17282221689187452
floorNdivBpowD,floor(N / B^D),5,4,B_tens,3,0.0,0.0,0.0,0:0.000000;42:0.000000;1337:0.000000,-0.17084686735106355,-0.18030533884461553
floorNdivBpowD,floor(N / B^D),6,5,B_tens,3,0.0,0.0,0.0,0:0.000000;42:0.000000;1337:0.000000,-0.16942460918028698,-0.18125222646049466
floorNdivBpowD,floor(N / B^D),7,6,B_tens,3,0.0007193013183277292,0.0,0.0021579039549831877,0:0.000000;42:0.002158;1337:0.000000,-0.17032694894081124,-0.1744268695890312
floorNdivBpowD,floor(N / B^D),8,7,B_tens,3,0.0016826088411941071,0.0,0.005047826523582322,0:0.000000;42:0.005048;1337:0.000000,-0.17347158935032572,-0.1715930415410262
floorNdivBpowD,floor(N / B^D),9,8,B_tens,3,0.0,0.0,0.0,0:0.000000;42:0.000000;1337:0.000000,-0.16746327584883136,-0.17266348189038397
floorNdivBpowD,floor(N / B^D),10,9,B_tens,3,0.0,0.0,0.0,0:0.000000;42:0.000000;1337:0.000000,-0.16917651056932204,-0.1746594866637826
floorNdivBpowD,floor(N / B^D),0,input,D_ones,3,5.477881540820943e-16,0.0,1.0270793003626443e-15,0:0.000000;42:0.000000;1337:0.000000,0.3912885274015605,0.37023571598994387
floorNdivBpowD,floor(N / B^D),1,0,D_ones,3,0.21461904761865644,0.0,0.6438571428559693,0:0.643857;42:0.000000;1337:0.000000,0.9605763804137509,0.947697521923728
floorNdivBpowD,floor(N / B^D),2,1,D_ones,3,0.055424204171297176,0.0,0.16627261251389153,0:0.000000;42:0.166273;1337:0.000000,0.9521291919166396,0.8725553621226366
floorNdivBpowD,floor(N / B^D),3,2,D_ones,3,0.21415036954272107,0.1116392609787234,0.3241741296928435,0:0.324174;42:0.206638;1337:0.111639,0.9492735771249597,0.9600790993813533
floorNdivBpowD,floor(N / B^D),4,3,D_ones,3,0.23522484164279392,0.13868341909884324,0.41749774665145356,0:0.417498;42:0.149493;1337:0.138683,0.9472904990100611,0.959040548705448
floorNdivBpowD,floor(N / B^D),5,4,D_ones,3,0.31031549920200246,0.18710142811361577,0.48610214256051815,0:0.486102;42:0.187101;1337:0.257743,0.9427580677727095,0.9598021360048582
floorNdivBpowD,floor(N / B^D),6,5,D_ones,3,0.24065518106825526,0.14410519879875336,0.37821762454739977,0:0.378218;42:0.144105;1337:0.199643,0.9402147504420292,0.9539295458555511
floorNdivBpowD,floor(N / B^D),7,6,D_ones,3,0.3278517214530732,0.15275961988287404,0.550391685398061,0:0.550392;42:0.152760;1337:0.280404,0.9415216413655102,0.9598493919753276
floorNdivBpowD,floor(N / B^D),8,7,D_ones,3,0.2895385149120218,0.18392628568771896,0.47913921006654303,0:0.479139;42:0.183926;1337:0.205550,0.9424869707517199,0.9585311134467661
floorNdivBpowD,floor(N / B^D),9,8,D_ones,3,0.1573367248684138,0.07449221595943721,0.28776775063707205,0:0.287768;42:0.109750;1337:0.074492,0.9445382078399968,0.9526714062171194
floorNdivBpowD,floor(N / B^D),10,9,D_ones,3,0.06506224224105082,0.0,0.12857027327537968,0:0.128570;42:0.066616;1337:0.000000,0.9434082907757683,0.944175556998294
floorNdivBpowD,floor(N / B^D),0,input,D_tag,3,0.0,0.0,0.0,0:0.000000;42:0.000000;1337:0.000000,-0.29793761190187773,-0.29793761190187773
floorNdivBpowD,floor(N / B^D),1,0,D_tag,3,0.003948688633427614,0.0,0.010628845411318052,0:0.000000;42:0.010629;1337:0.001217,-0.16663108953822584,-0.168662819199879
floorNdivBpowD,floor(N / B^D),2,1,D_tag,3,0.007166507805992414,0.0,0.012937984066792696,0:0.008562;42:0.012938;1337:0.000000,-0.16414752911952515,-0.15794987979728736
floorNdivBpowD,floor(N / B^D),3,2,D_tag,3,0.004611447827824614,0.0,0.013834343483473842,0:0.013834;42:0.000000;1337:0.000000,-0.1667140698587565,-0.16359711285054176
floorNdivBpowD,floor(N / B^D),4,3,D_tag,3,0.00639406455053143,0.0,0.01424693726361091,0:0.004935;42:0.014247;1337:0.000000,-0.16755405435109208,-0.16370839251854138
floorNdivBpowD,floor(N / B^D),5,4,D_tag,3,0.002157993012457034,0.0,0.003952876941303287,0:0.003953;42:0.000000;1337:0.002521,-0.16437437216786926,-0.16239164204809717
floorNdivBpowD,floor(N / B^D),6,5,D_tag,3,0.005984154334336962,0.0,0.012213812071146664,0:0.012214;42:0.005739;1337:0.000000,-0.165902997060095,-0.16101326198123941
floorNdivBpowD,floor(N / B^D),7,6,D_tag,3,0.001964446880226781,0.0,0.005279768393663711,0:0.005280;42:0.000614;1337:0.000000,-0.16466768749224445,-0.1633603808966988
floorNdivBpowD,floor(N / B^D),8,7,D_tag,3,0.004578593004886733,0.0,0.0137357790146602,0:0.013736;42:0.000000;1337:0.000000,-0.1675322119394966,-0.16558605121587264
floorNdivBpowD,floor(N / B^D),9,8,D_tag,3,0.004420209073307394,0.0,0.01326062721992218,0:0.013261;42:0.000000;1337:0.000000,-0.16653393335074515,-0.16508742059737336
floorNdivBpowD,floor(N / B^D),10,9,D_tag,3,0.009067163019201024,0.0,0.019612971066060865,0:0.019613;42:0.000000;1337:0.007589,-0.16693037473077665,-0.1570688843206818
floorNdivBpowD,floor(N / B^D),0,input,N_hundreds,3,0.018193662074047073,0.0,0.0545809862221412,0:0.054581;42:0.000000;1337:0.000000,-0.23558142919647443,-0.21302495324086737
floorNdivBpowD,floor(N / B^D),1,0,N_hundreds,3,0.015386675150538221,0.0,0.04616002545161466,0:0.000000;42:0.046160;1337:0.000000,-0.23558142919647443,-0.2164654585911552
floorNdivBpowD,floor(N / B^D),2,1,N_hundreds,3,5.969910836725207e-17,0.0,1.790973251017562e-16,0:0.000000;42:0.000000;1337:0.000000,-0.23558142919647437,-0.2355814291964744
floorNdivBpowD,floor(N / B^D),3,2,N_hundreds,3,7.759956722168194e-16,0.0,2.193942232496508e-15,0:0.000000;42:0.000000;1337:0.000000,-0.19542593734243785,-0.23558142919647465
floorNdivBpowD,floor(N / B^D),4,3,N_hundreds,3,5.957545962397783e-17,0.0,1.7872637887193347e-16,0:0.000000;42:0.000000;1337:0.000000,-0.17859838905192368,-0.2355814291964744
floorNdivBpowD,floor(N / B^D),5,4,N_hundreds,3,0.0,0.0,0.0,0:0.000000;42:0.000000;1337:0.000000,-0.23558142919647407,-0.2355814291964744
floorNdivBpowD,floor(N / B^D),6,5,N_hundreds,3,0.015386675150538156,0.0,0.04616002545161447,0:0.000000;42:0.046160;1337:0.000000,-0.21618927853938885,-0.21646545859115515
floorNdivBpowD,floor(N / B^D),7,6,N_hundreds,3,0.01538667515053811,0.0,0.04616002545161402,0:0.000000;42:0.046160;1337:0.000000,-0.19618240455222757,-0.21646545859115515
floorNdivBpowD,floor(N / B^D),8,7,N_hundreds,3,8.957965466580666e-17,0.0,2.234079735899169e-16,0:0.000000;42:0.000000;1337:0.000000,-0.2161892785393892,-0.23558142919647448
floorNdivBpowD,floor(N / B^D),9,8,N_hundreds,3,0.016108558640261818,0.0,0.04832567592078521,0:0.000000;42:0.000000;1337:0.048326,-0.2355814291964745,-0.21585530746918158
floorNdivBpowD,floor(N / B^D),10,9,N_hundreds,3,0.0,0.0,0.0,0:0.000000;42:0.000000;1337:0.000000,-0.1965163756224353,-0.2355814291964745
floorNdivBpowD,floor(N / B^D),0,input,N_ones,3,4.2510470215495563e-16,1.2818907077079623e-16,8.467502500348249e-16,0:0.000000;42:0.000000;1337:0.000000,-0.30130843827536136,-0.3013084382753608
floorNdivBpowD,floor(N / B^D),1,0,N_ones,3,0.09352398563635078,0.00015492545875407603,0.14384138691455256,0:0.143841;42:0.000155;1337:0.136576,-0.2594477548206706,-0.13718884256309224
floorNdivBpowD,floor(N / B^D),2,1,N_ones,3,0.061037474861716005,0.0,0.13657559853454312,0:0.000000;42:0.046537;1337:0.136576,-0.2602582181958007,-0.1971895545781505
floorNdivBpowD,floor(N / B^D),3,2,N_ones,3,0.06467888214530092,0.0,0.13825374879121496,0:0.055783;42:0.000000;1337:0.138254,-0.2800699340318303,-0.19701079923372675
floorNdivBpowD,floor(N / B^D),4,3,N_ones,3,0.06268759225007232,0.045139850207855305,0.09467744583364239,0:0.048245;42:0.045140;1337:0.094677,-0.23898679117441488,-0.1617901378703658
floorNdivBpowD,floor(N / B^D),5,4,N_ones,3,0.05980114867159833,0.039707624284375326,0.0892427781463641,0:0.050453;42:0.089243;1337:0.039708,-0.27829098645253464,-0.20117224811146958
floorNdivBpowD,floor(N / B^D),6,5,N_ones,3,0.015497508281169857,0.0,0.04649252484350957,0:0.046493;42:0.000000;1337:0.000000,-0.21975259033900577,-0.2406709390690459
floorNdivBpowD,floor(N / B^D),7,6,N_ones,3,0.051039451632051515,0.0013852503490073725,0.09654680073043521,0:0.096547;42:0.001385;1337:0.055186,-0.2189393683517916,-0.156897219073759
floorNdivBpowD,floor(N / B^D),8,7,N_ones,3,0.030323188430926563,0.0,0.09096956525258713,0:0.090970;42:0.000000;1337:0.000000,-0.21677565574850344,-0.20324967561074178
floorNdivBpowD,floor(N / B^D),9,8,N_ones,3,0.016095782672990677,0.0,0.04593103099304712,0:0.045931;42:0.002356;1337:0.000000,-0.22040419944134867,-0.20010474543395815
floorNdivBpowD,floor(N / B^D),10,9,N_ones,3,0.06385698334961226,0.04927904650631323,0.09116790082264718,0:0.051124;42:0.091168;1337:0.049279,-0.2369037985581047,-0.15728295406220152
floorNdivBpowD,floor(N / B^D),0,input,N_tag,3,0.0,0.0,0.0,0:0.000000;42:0.000000;1337:0.000000,-0.29793761190187773,-0.29793761190187773
floorNdivBpowD,floor(N / B^D),1,0,N_tag,3,0.0,0.0,0.0,0:0.000000;42:0.000000;1337:0.000000,-0.29793761190187773,-0.29793761190187773
floorNdivBpowD,floor(N / B^D),2,1,N_tag,3,0.0,0.0,0.0,0:0.000000;42:0.000000;1337:0.000000,-0.29793761190187773,-0.29793761190187773
floorNdivBpowD,floor(N / B^D),3,2,N_tag,3,0.0,0.0,0.0,0:0.000000;42:0.000000;1337:0.000000,-0.27803315503536274,-0.29793761190187773
floorNdivBpowD,floor(N / B^D),4,3,N_tag,3,0.0,0.0,0.0,0:0.000000;42:0.000000;1337:0.000000,-0.2787546653829327,-0.29793761190187773
floorNdivBpowD,floor(N / B^D),5,4,N_tag,3,0.0,0.0,0.0,0:0.000000;42:0.000000;1337:0.000000,-0.29793761190187773,-0.29793761190187773
floorNdivBpowD,floor(N / B^D),6,5,N_tag,3,0.0,0.0,0.0,0:0.000000;42:0.000000;1337:0.000000,-0.29793761190187773,-0.29793761190187773
floorNdivBpowD,floor(N / B^D),7,6,N_tag,3,0.0,0.0,0.0,0:0.000000;42:0.000000;1337:0.000000,-0.29793761190187773,-0.29793761190187773
floorNdivBpowD,floor(N / B^D),8,7,N_tag,3,0.0,0.0,0.0,0:0.000000;42:0.000000;1337:0.000000,-0.29793761190187773,-0.29793761190187773
floorNdivBpowD,floor(N / B^D),9,8,N_tag,3,0.0,0.0,0.0,0:0.000000;42:0.000000;1337:0.000000,-0.29793761190187773,-0.29793761190187773
floorNdivBpowD,floor(N / B^D),10,9,N_tag,3,0.0,0.0,0.0,0:0.000000;42:0.000000;1337:0.000000,-0.29793761190187773,-0.29793761190187773
floorNdivBpowD,floor(N / B^D),0,input,N_tens,3,7.08504275461158e-17,0.0,2.125512826383474e-16,0:0.000000;42:0.000000;1337:0.000000,-0.2997616383263913,-0.2997616383263914
floorNdivBpowD,floor(N / B^D),1,0,N_tens,3,0.03216908815621984,0.0,0.09650726443775541,0:0.096507;42:0.000000;1337:0.000000,-0.19597692963064303,-0.19485004310807177
floorNdivBpowD,floor(N / B^D),2,1,N_tens,3,0.0,0.0,0.0,0:0.000000;42:0.000000;1337:0.000000,-0.21514145768650836,-0.23631360497046575
floorNdivBpowD,floor(N / B^D),3,2,N_tens,3,0.03216908814583635,0.0,0.09650726443745596,0:0.096507;42:0.000000;1337:0.000000,-0.23569414992346593,-0.23454364264119318
floorNdivBpowD,floor(N / B^D),4,3,N_tens,3,0.05912052183080347,0.04242063140435851,0.08948796194429927,0:0.089488;42:0.045453;1337:0.042421,-0.27573831456366704,-0.20023220010588752
floorNdivBpowD,floor(N / B^D),5,4,N_tens,3,0.016072539516107428,0.0,0.0470818295363577,0:0.000000;42:0.001136;1337:0.047082,-0.2331349068237655,-0.2354511298186124
floorNdivBpowD,floor(N / B^D),6,5,N_tens,3,0.0,0.0,0.0,0:0.000000;42:0.000000;1337:0.000000,-0.19154031374253014,-0.23613113581245426
floorNdivBpowD,floor(N / B^D),7,6,N_tens,3,0.031094398376736856,0.0,0.09328319513021056,0:0.000000;42:0.093283;1337:0.000000,-0.23569414992345158,-0.23582259939333686
floorNdivBpowD,floor(N / B^D),8,7,N_tens,3,0.031427186824563844,0.0,0.09428156047366254,0:0.094282;42:0.000000;1337:0.000000,-0.21344449289296272,-0.1753306595131614
floorNdivBpowD,floor(N / B^D),9,8,N_tens,3,0.03301565360564614,0.0,0.09904696081693842,0:0.000000;42:0.099047;1337:0.000000,-0.21762129559368612,-0.19673991356713824
floorNdivBpowD,floor(N / B^D),10,9,N_tens,3,0.051180455282746146,0.0,0.0957113172748452,0:0.057830;42:0.095711;1337:0.000000,-0.2367766310013307,-0.17254729412245906
floorNdivBpowD,floor(N / B^D),0,input,O[0],3,0.0,0.0,0.0,0:0.000000;42:0.000000;1337:0.000000,-0.29793761190187773,-0.29793761190187773
floorNdivBpowD,floor(N / B^D),1,0,O[0],3,0.14846369369162532,0.0,0.40851712472701535,0:0.036874;42:0.408517;1337:0.000000,0.8897605257795554,0.8990259732278464
floorNdivBpowD,floor(N / B^D),2,1,O[0],3,0.2291540288016045,0.0,0.36293494953097855,0:0.324527;42:0.000000;1337:0.362935,0.8909105679951518,0.9098531615569764
floorNdivBpowD,floor(N / B^D),3,2,O[0],3,0.26903165479089436,0.0,0.4973330943583352,0:0.497333;42:0.000000;1337:0.309762,0.8875391698662849,0.9104161803391609
floorNdivBpowD,floor(N / B^D),4,3,O[0],3,0.15510248104184754,0.0,0.23959258626766766,0:0.225715;42:0.000000;1337:0.239593,0.890432548412725,0.8971749452757036
floorNdivBpowD,floor(N / B^D),5,4,O[0],3,0.11998926937703276,0.0,0.21489346813698065,0:0.214893;42:0.000000;1337:0.145074,0.88761757980718,0.890197926119438
floorNdivBpowD,floor(N / B^D),6,5,O[0],3,0.06501216597159803,0.0,0.11146286942863089,0:0.083574;42:0.000000;1337:0.111463,0.8869713539180047,0.8783820711475822
floorNdivBpowD,floor(N / B^D),7,6,O[0],3,0.0,0.0,0.0,0:0.000000;42:0.000000;1337:0.000000,0.8852473934171816,0.8633600722007436
floorNdivBpowD,floor(N / B^D),8,7,O[0],3,0.0,0.0,0.0,0:0.000000;42:0.000000;1337:0.000000,0.884645766568292,0.8479621818073552
floorNdivBpowD,floor(N / B^D),9,8,O[0],3,0.0,0.0,0.0,0:0.000000;42:0.000000;1337:0.000000,0.8870901201135343,0.834431347751513
floorNdivBpowD,floor(N / B^D),10,9,O[0],3,0.0,0.0,0.0,0:0.000000;42:0.000000;1337:0.000000,0.8894364284698222,0.8213467226421503
floorNdivBpowD,floor(N / B^D),0,input,O[1],3,0.028748115859819956,0.0,0.045227935148974475,0:0.000000;42:0.041016;1337:0.045228,-0.27401500065179857,-0.2420244251573309
floorNdivBpowD,floor(N / B^D),1,0,O[1],3,0.257759919472418,0.04233385192316456,0.47344194715316407,0:0.257504;42:0.473442;1337:0.042334,0.7914761065482874,0.8437185282735818
floorNdivBpowD,floor(N / B^D),2,1,O[1],3,0.41720314353563515,0.27276949183395066,0.5679481891775012,0:0.410892;42:0.272769;1337:0.567948,0.8322100039006527,0.9039976146415455
floorNdivBpowD,floor(N / B^D),3,2,O[1],3,0.2861069127007216,0.03357806971954335,0.45464575892186493,0:0.370097;42:0.033578;1337:0.454646,0.8330804511483733,0.8833648447151816
floorNdivBpowD,floor(N / B^D),4,3,O[1],3,0.15541604117804722,0.0,0.3159885203689472,0:0.150260;42:0.000000;1337:0.315989,0.8330775634922402,0.8552142032409572
floorNdivBpowD,floor(N / B^D),5,4,O[1],3,0.08031360476988109,0.0,0.20125236211250286,0:0.039688;42:0.000000;1337:0.201252,0.8389554031198241,0.8414423441813245
floorNdivBpowD,floor(N / B^D),6,5,O[1],3,0.028925716950948147,0.0,0.08677715085284445,0:0.000000;42:0.000000;1337:0.086777,0.8404921577038508,0.8261498265256138
floorNdivBpowD,floor(N / B^D),7,6,O[1],3,0.0,0.0,0.0,0:0.000000;42:0.000000;1337:0.000000,0.8389430417183931,0.8130462501766061
floorNdivBpowD,floor(N / B^D),8,7,O[1],3,0.0,0.0,0.0,0:0.000000;42:0.000000;1337:0.000000,0.8413316698266152,0.797448740018824
floorNdivBpowD,floor(N / B^D),9,8,O[1],3,0.0,0.0,0.0,0:0.000000;42:0.000000;1337:0.000000,0.8427554907392755,0.781774341971074
floorNdivBpowD,floor(N / B^D),10,9,O[1],3,0.0,0.0,0.0,0:0.000000;42:0.000000;1337:0.000000,0.8392722596124663,0.765348543787816
floorNdivBpowD_modB,floor(N / B^D) mod B,0,input,B_ones,3,0.0,0.0,0.0,0:0.000000;42:0.000000;1337:0.000000,-0.40980329297627804,-0.43870805301632315
floorNdivBpowD_modB,floor(N / B^D) mod B,1,0,B_ones,3,0.006797096061671454,0.0,0.020391288185014362,0:0.000000;42:0.000000;1337:0.020391,0.025039614554019537,0.01963215926926286
floorNdivBpowD_modB,floor(N / B^D) mod B,2,1,B_ones,3,0.0,0.0,0.0,0:0.000000;42:0.000000;1337:0.000000,0.022335996782346632,0.0077777745663332775
floorNdivBpowD_modB,floor(N / B^D) mod B,3,2,B_ones,3,0.011986488025520084,0.0,0.03132503864004056,0:0.004634;42:0.000000;1337:0.031325,0.024411984311472266,0.03066972452914798
floorNdivBpowD_modB,floor(N / B^D) mod B,4,3,B_ones,3,0.008296975014603537,0.0010462573232992486,0.015010751153179102,0:0.008834;42:0.001046;1337:0.015011,0.02258742423283122,0.031134755162480085
floorNdivBpowD_modB,floor(N / B^D) mod B,5,4,B_ones,3,0.007736462376859596,0.0,0.022402631893312683,0:0.000807;42:0.000000;1337:0.022403,0.021102917981279074,0.02848009990466339
floorNdivBpowD_modB,floor(N / B^D) mod B,6,5,B_ones,3,0.013055846304291074,0.0,0.0348947477979827,0:0.004273;42:0.000000;1337:0.034895,0.020751557352208457,0.032196998148181936
floorNdivBpowD_modB,floor(N / B^D) mod B,7,6,B_ones,3,0.012624971845244831,0.0,0.02002506822640998,0:0.017850;42:0.000000;1337:0.020025,0.021637624006439093,0.032590755218438607
floorNdivBpowD_modB,floor(N / B^D) mod B,8,7,B_ones,3,0.007855078831952545,0.0009396659853842795,0.01311071291723963,0:0.013111;42:0.000940;1337:0.009515,0.02357894509674659,0.03156776279679615
floorNdivBpowD_modB,floor(N / B^D) mod B,9,8,B_ones,3,0.009781396508056584,0.004951394375086879,0.013863435678028425,0:0.004951;42:0.010529;1337:0.013863,0.023929435445584568,0.033544540728677706
floorNdivBpowD_modB,floor(N / B^D) mod B,10,9,B_ones,3,0.007508058087778107,0.0,0.013419365033172226,0:0.000000;42:0.009105;1337:0.013419,0.021961616232106244,0.029005692976265058
floorNdivBpowD_modB,floor(N / B^D) mod B,0,input,B_tag,3,0.0,0.0,0.0,0:0.000000;42:0.000000;1337:0.000000,-0.5387467784514498,-0.5387467784514498
floorNdivBpowD_modB,floor(N / B^D) mod B,1,0,B_tag,3,0.08737540055449351,0.0,0.2009069641115239,0:0.200907;42:0.061219;1337:0.000000,-0.4997620006269625,-0.3991574836928146
floorNdivBpowD_modB,floor(N / B^D) mod B,2,1,B_tag,3,0.0,0.0,0.0,0:0.000000;42:0.000000;1337:0.000000,-0.4117999652516929,-0.5283315853534729
floorNdivBpowD_modB,floor(N / B^D) mod B,3,2,B_tag,3,0.16589639696485292,0.08140178847849602,0.2952610526381416,0:0.081402;42:0.121026;1337:0.295261,-0.5303454218493199,-0.2627078554483925
floorNdivBpowD_modB,floor(N / B^D) mod B,4,3,B_tag,3,0.03564617726773749,0.0,0.10346246670549301,0:0.003476;42:0.103462;1337:0.000000,-0.46846651403667905,-0.42296695464214484
floorNdivBpowD_modB,floor(N / B^D) mod B,5,4,B_tag,3,0.04743548706438455,0.0,0.14230646119315365,0:0.142306;42:0.000000;1337:0.000000,-0.4096436101066363,-0.44810613151259987
floorNdivBpowD_modB,floor(N / B^D) mod B,6,5,B_tag,3,0.07596249951460086,0.0,0.14785801408951882,0:0.080029;42:0.000000;1337:0.147858,-0.45647471230795866,-0.3414491532269032
floorNdivBpowD_modB,floor(N / B^D) mod B,7,6,B_tag,3,0.04591921012633282,0.0,0.07961291022716883,0:0.079613;42:0.058145;1337:0.000000,-0.4493272236448547,-0.42896267235449814
floorNdivBpowD_modB,floor(N / B^D) mod B,8,7,B_tag,3,0.08543810162900038,0.0,0.14204006745621434,0:0.000000;42:0.114274;1337:0.142040,-0.4745629037891506,-0.3772324762333397
floorNdivBpowD_modB,floor(N / B^D) mod B,9,8,B_tag,3,0.06869469218224872,0.0,0.12091169352551351,0:0.085172;42:0.120912;1337:0.000000,-0.4453788646015417,-0.34942485785347577
floorNdivBpowD_modB,floor(N / B^D) mod B,10,9,B_tag,3,0.11018792032744955,0.0,0.24662600795681724,0:0.083938;42:0.000000;1337:0.246626,-0.42670699414397345,-0.28413391806523974
floorNdivBpowD_modB,floor(N / B^D) mod B,0,input,B_tens,3,3.2381091119628855e-16,9.232407156833043e-17,7.3668457393200415e-16,0:0.000000;42:0.000000;1337:0.000000,-0.3977557601477945,-0.39775576014779407
floorNdivBpowD_modB,floor(N / B^D) mod B,1,0,B_tens,3,0.0,0.0,0.0,0:0.000000;42:0.000000;1337:0.000000,-0.0437650371580563,-0.07573510239456567
floorNdivBpowD_modB,floor(N / B^D) mod B,2,1,B_tens,3,0.0012301950631544692,0.0,0.0036905851894634078,0:0.000000;42:0.000000;1337:0.003691,-0.03595011697390519,-0.07743915142845098
floorNdivBpowD_modB,floor(N / B^D) mod B,3,2,B_tens,3,0.0,0.0,0.0,0:0.000000;42:0.000000;1337:0.000000,-0.040632361229853094,-0.07232692086077185
floorNdivBpowD_modB,floor(N / B^D) mod B,4,3,B_tens,3,0.0024484183671367233,0.0,0.00734525510141017,0:0.000000;42:0.000000;1337:0.007345,-0.043270973109971,-0.06562964586278272
floorNdivBpowD_modB,floor(N / B^D) mod B,5,4,B_tens,3,0.0,0.0,0.0,0:0.000000;42:0.000000;1337:0.000000,-0.041963230801673655,-0.05988206398723354
floorNdivBpowD_modB,floor(N / B^D) mod B,6,5,B_tens,3,0.0025088201458231085,0.0,0.007526460437469326,0:0.000000;42:0.007526;1337:0.000000,-0.04073327355746872,-0.060257882023502574
floorNdivBpowD_modB,floor(N / B^D) mod B,7,6,B_tens,3,0.0016537751963141376,0.0,0.004961325588942413,0:0.000000;42:0.004961;1337:0.000000,-0.04126038153844908,-0.05693860596158684
floorNdivBpowD_modB,floor(N / B^D) mod B,8,7,B_tens,3,0.0,0.0,0.0,0:0.000000;42:0.000000;1337:0.000000,-0.046838678452822746,-0.061891651275109226
floorNdivBpowD_modB,floor(N / B^D) mod B,9,8,B_tens,3,0.0,0.0,0.0,0:0.000000;42:0.000000;1337:0.000000,-0.04041773291490247,-0.062308041237171596
floorNdivBpowD_modB,floor(N / B^D) mod B,10,9,B_tens,3,0.0,0.0,0.0,0:0.000000;42:0.000000;1337:0.000000,-0.03742107402543807,-0.05804703944248752
floorNdivBpowD_modB,floor(N / B^D) mod B,0,input,D_ones,3,4.546239538344282e-16,0.0,1.3638718615032846e-15,0:0.000000;42:0.000000;1337:0.000000,-0.1998746313516587,-0.22833507280168916
floorNdivBpowD_modB,floor(N / B^D) mod B,1,0,D_ones,3,0.027304298226529893,0.0,0.060944751894254266,0:0.020968;42:0.000000;1337:0.060945,0.5562952695997112,0.5642661193854774
floorNdivBpowD_modB,floor(N / B^D) mod B,2,1,D_ones,3,0.02491873573231129,0.0,0.04313777210930666,0:0.043138;42:0.000000;1337:0.031618,0.5485932633276821,0.5597874318571153
floorNdivBpowD_modB,floor(N / B^D) mod B,3,2,D_ones,3,0.04513787671747088,0.03420374177427728,0.06150817598975535,0:0.039702;42:0.034204;1337:0.061508,0.5431037069719858,0.5638169298678193
floorNdivBpowD_modB,floor(N / B^D) mod B,4,3,D_ones,3,0.0337383248704454,0.0,0.07460313071148661,0:0.026612;42:0.000000;1337:0.074603,0.5471135412926252,0.5606169052132216
floorNdivBpowD_modB,floor(N / B^D) mod B,5,4,D_ones,3,0.03987489158053051,0.0,0.061642448247053984,0:0.057982;42:0.000000;1337:0.061642,0.5423892872423941,0.5594757992785052
floorNdivBpowD_modB,floor(N / B^D) mod B,6,5,D_ones,3,0.04494457066395008,0.009276709657644943,0.06720781041542356,0:0.058349;42:0.009277;1337:0.067208,0.5342644946232059,0.5555247778320248
floorNdivBpowD_modB,floor(N / B^D) mod B,7,6,D_ones,3,0.040028280729513054,0.0,0.06881275045867546,0:0.051272;42:0.000000;1337:0.068813,0.5327333257877293,0.5503493294264117
floorNdivBpowD_modB,floor(N / B^D) mod B,8,7,D_ones,3,0.035834211578098144,0.0,0.055902763921121625,0:0.055903;42:0.000000;1337:0.051600,0.5314724326643414,0.5464690400880263
floorNdivBpowD_modB,floor(N / B^D) mod B,9,8,D_ones,3,0.03276590386202945,0.0,0.05212755315725564,0:0.046170;42:0.000000;1337:0.052128,0.5303593311599463,0.5442938981536719
floorNdivBpowD_modB,floor(N / B^D) mod B,10,9,D_ones,3,0.03782982261452387,0.0,0.07010768703150415,0:0.043382;42:0.000000;1337:0.070108,0.5275652614045333,0.5456234238464805
floorNdivBpowD_modB,floor(N / B^D) mod B,0,input,D_tag,3,0.0,0.0,0.0,0:0.000000;42:0.000000;1337:0.000000,-0.5387467784514498,-0.5387467784514498
floorNdivBpowD_modB,floor(N / B^D) mod B,1,0,D_tag,3,0.0036426388367984583,0.0,0.010927916510395375,0:0.010928;42:0.000000;1337:0.000000,0.016228835106490726,-0.0007527972710802596
floorNdivBpowD_modB,floor(N / B^D) mod B,2,1,D_tag,3,0.013056378542145032,0.0,0.03802846790754842,0:0.038028;42:0.001141;1337:0.000000,0.02000658170525489,0.026694244645258217
floorNdivBpowD_modB,floor(N / B^D) mod B,3,2,D_tag,3,0.0077210697149132064,0.0028081823967812183,0.01641472562264902,0:0.016415;42:0.003940;1337:0.002808,0.016411060321747575,0.024044255823437582
floorNdivBpowD_modB,floor(N / B^D) mod B,4,3,D_tag,3,0.014076276089828518,0.0013516991810605917,0.021675978791466915,0:0.021676;42:0.019201;1337:0.001352,0.01324369781955823,0.026658794084159665
floorNdivBpowD_modB,floor(N / B^D) mod B,5,4,D_tag,3,0.02066630131405192,0.011871316230542132,0.0334027982461757,0:0.016725;42:0.033403;1337:0.011871,0.011461895123029864,0.031227355286164816
floorNdivBpowD_modB,floor(N / B^D) mod B,6,5,D_tag,3,0.009190474818110132,0.005443559140572613,0.012030448504346015,0:0.012030;42:0.010097;1337:0.005444,0.016631689721827343,0.025558789944799622
floorNdivBpowD_modB,floor(N / B^D) mod B,7,6,D_tag,3,0.00827609029516488,0.00038657431731605965,0.01722420118892644,0:0.017224;42:0.007217;1337:0.000387,0.020355920806783463,0.02836502079231709
floorNdivBpowD_modB,floor(N / B^D) mod B,8,7,D_tag,3,0.012872655432034202,0.0,0.020886800166494354,0:0.020887;42:0.017731;1337:0.000000,0.015519266653964326,0.02506048943159819
floorNdivBpowD_modB,floor(N / B^D) mod B,9,8,D_tag,3,0.01286595753023953,0.0,0.01999952657770455,0:0.020000;42:0.018598;1337:0.000000,0.014317700248522558,0.025194559785441068
floorNdivBpowD_modB,floor(N / B^D) mod B,10,9,D_tag,3,0.008750163100606573,0.0026947532969068123,0.020155654075264852,0:0.020156;42:0.003400;1337:0.002695,0.015184609497281643,0.023908393467619124
floorNdivBpowD_modB,floor(N / B^D) mod B,0,input,N_hundreds,3,0.025298672882123608,0.0,0.07589601864637083,0:0.075896;42:0.000000;1337:0.000000,-0.5379441463888958,-0.4982540076207433
floorNdivBpowD_modB,floor(N / B^D) mod B,1,0,N_hundreds,3,0.019515830075765118,1.415322294047039e-16,0.05854749022729461,0:0.000000;42:0.058547;1337:0.000000,-0.5379441463888955,-0.5104169029727795
floorNdivBpowD_modB,floor(N / B^D) mod B,2,1,N_hundreds,3,2.701914500158329e-16,0.0,6.690421206427949e-16,0:0.000000;42:0.000000;1337:0.000000,-0.5379441463888958,-0.5379441463888953
floorNdivBpowD_modB,floor(N / B^D) mod B,3,2,N_hundreds,3,2.3588704900783972e-17,0.0,7.076611470235192e-17,0:0.000000;42:0.000000;1337:0.000000,-0.44881572139303466,-0.5379441463888958
floorNdivBpowD_modB,floor(N / B^D) mod B,4,3,N_hundreds,3,0.0,0.0,0.0,0:0.000000;42:0.000000;1337:0.000000,-0.4150782366410739,-0.5379441463888956
floorNdivBpowD_modB,floor(N / B^D) mod B,5,4,N_hundreds,3,2.358870490078399e-17,0.0,7.076611470235197e-17,0:0.000000;42:0.000000;1337:0.000000,-0.5379441463888951,-0.5379441463888954
floorNdivBpowD_modB,floor(N / B^D) mod B,6,5,N_hundreds,3,0.01951583007576529,0.0,0.05854749022729567,0:0.000000;42:0.058547;1337:0.000000,-0.5000173858840554,-0.5104169029727794
floorNdivBpowD_modB,floor(N / B^D) mod B,7,6,N_hundreds,3,0.019515830075765482,0.0,0.05854749022729552,0:0.000000;42:0.058547;1337:0.000000,-0.4544214295886298,-0.5104169029727798
floorNdivBpowD_modB,floor(N / B^D) mod B,8,7,N_hundreds,3,6.199739252789948e-17,0.0,1.180662565840227e-16,0:0.000000;42:0.000000;1337:0.000000,-0.5000173858840552,-0.5379441463888953
floorNdivBpowD_modB,floor(N / B^D) mod B,9,8,N_hundreds,3,0.026992348046923142,1.1806625658402264e-16,0.08097704414076909,0:0.000000;42:0.000000;1337:0.080977,-0.5379441463888958,-0.4938261928163075
floorNdivBpowD_modB,floor(N / B^D) mod B,10,9,N_hundreds,3,0.0,0.0,0.0,0:0.000000;42:0.000000;1337:0.000000,-0.4606126226563772,-0.5379441463888951
floorNdivBpowD_modB,floor(N / B^D) mod B,0,input,N_ones,3,2.80085358232977e-16,0.0,7.050772863277401e-16,0:0.000000;42:0.000000;1337:0.000000,-0.5428019152663356,-0.5428019152663353
floorNdivBpowD_modB,floor(N / B^D) mod B,1,0,N_ones,3,0.147524895074197,0.0,0.22608671495028268,0:0.226087;42:0.000000;1337:0.216488,-0.5150372148044351,-0.27454507916970916
floorNdivBpowD_modB,floor(N / B^D) mod B,2,1,N_ones,3,0.08937131515911229,0.0,0.21648791243576956,0:0.000000;42:0.051626;1337:0.216488,-0.4922002916839703,-0.37495206393643715
floorNdivBpowD_modB,floor(N / B^D) mod B,3,2,N_ones,3,0.10459733284805091,0.0,0.22978832014682862,0:0.084004;42:0.000000;1337:0.229788,-0.5308317792227736,-0.35748984806942613
floorNdivBpowD_modB,floor(N / B^D) mod B,4,3,N_ones,3,0.10101432722193619,0.05769688457502709,0.16773675088897608,0:0.077609;42:0.057697;1337:0.167737,-0.4482575818563272,-0.3002917876680822
floorNdivBpowD_modB,floor(N / B^D) mod B,5,4,N_ones,3,0.0884634637101183,0.06827215012113906,0.10979668126637383,0:0.087322;42:0.109797;1337:0.068272,-0.5180016269018094,-0.3853158892534463
floorNdivBpowD_modB,floor(N / B^D) mod B,6,5,N_ones,3,0.02449248813302167,0.0,0.07347746439906501,0:0.073477;42:0.000000;1337:0.000000,-0.41610380391913354,-0.44351488748813966
floorNdivBpowD_modB,floor(N / B^D) mod B,7,6,N_ones,3,0.08065577207646159,0.0,0.15744723786597248,0:0.157447;42:0.000000;1337:0.084520,-0.41818331704132694,-0.3041743431635065
floorNdivBpowD_modB,floor(N / B^D) mod B,8,7,N_ones,3,0.04985250493359353,0.0,0.1495575145529306,0:0.149558;42:0.000000;1337:0.000000,-0.4169325333325868,-0.3900335138350865
floorNdivBpowD_modB,floor(N / B^D) mod B,9,8,N_ones,3,0.027413024662943302,0.0,0.0711447118597054,0:0.071145;42:0.011094;1337:0.000000,-0.42180407604369013,-0.38169404776145294
floorNdivBpowD_modB,floor(N / B^D) mod B,10,9,N_ones,3,0.09032385600351357,0.07307520985444571,0.1103915744699117,0:0.073075;42:0.110392;1337:0.087505,-0.44504436745665643,-0.3146707273455155
floorNdivBpowD_modB,floor(N / B^D) mod B,0,input,N_tag,3,0.0,0.0,0.0,0:0.000000;42:0.000000;1337:0.000000,-0.5387467784514498,-0.5387467784514498
floorNdivBpowD_modB,floor(N / B^D) mod B,1,0,N_tag,3,0.0,0.0,0.0,0:0.000000;42:0.000000;1337:0.000000,-0.5387467784514498,-0.5387467784514498
floorNdivBpowD_modB,floor(N / B^D) mod B,2,1,N_tag,3,0.0,0.0,0.0,0:0.000000;42:0.000000;1337:0.000000,-0.5387467784514498,-0.5387467784514498
floorNdivBpowD_modB,floor(N / B^D) mod B,3,2,N_tag,3,0.0,0.0,0.0,0:0.000000;42:0.000000;1337:0.000000,-0.511297986976528,-0.5387467784514498
floorNdivBpowD_modB,floor(N / B^D) mod B,4,3,N_tag,3,0.0,0.0,0.0,0:0.000000;42:0.000000;1337:0.000000,-0.5024135862241342,-0.5387467784514498
floorNdivBpowD_modB,floor(N / B^D) mod B,5,4,N_tag,3,0.0,0.0,0.0,0:0.000000;42:0.000000;1337:0.000000,-0.5387467784514498,-0.5387467784514498
floorNdivBpowD_modB,floor(N / B^D) mod B,6,5,N_tag,3,0.0,0.0,0.0,0:0.000000;42:0.000000;1337:0.000000,-0.5387467784514498,-0.5387467784514498
floorNdivBpowD_modB,floor(N / B^D) mod B,7,6,N_tag,3,0.0,0.0,0.0,0:0.000000;42:0.000000;1337:0.000000,-0.5387467784514498,-0.5387467784514498
floorNdivBpowD_modB,floor(N / B^D) mod B,8,7,N_tag,3,0.0,0.0,0.0,0:0.000000;42:0.000000;1337:0.000000,-0.5387467784514498,-0.5387467784514498
floorNdivBpowD_modB,floor(N / B^D) mod B,9,8,N_tag,3,0.0,0.0,0.0,0:0.000000;42:0.000000;1337:0.000000,-0.5387467784514498,-0.5387467784514498
floorNdivBpowD_modB,floor(N / B^D) mod B,10,9,N_tag,3,0.0,0.0,0.0,0:0.000000;42:0.000000;1337:0.000000,-0.5387467784514498,-0.5387467784514498
floorNdivBpowD_modB,floor(N / B^D) mod B,0,input,N_tens,3,5.2304868485576215e-17,0.0,1.5691460545672865e-16,0:0.000000;42:0.000000;1337:0.000000,-0.5429666250235458,-0.5429666250235462
floorNdivBpowD_modB,floor(N / B^D) mod B,1,0,N_tens,3,0.04890977606239715,0.0,0.1467293279161355,0:0.146729;42:0.000000;1337:0.000000,-0.44681994052938795,-0.42833589604265354
floorNdivBpowD_modB,floor(N / B^D) mod B,2,1,N_tens,3,0.0,0.0,0.0,0:0.000000;42:0.000000;1337:0.000000,-0.45485911288819647,-0.4945694394021454
floorNdivBpowD_modB,floor(N / B^D) mod B,3,2,N_tens,3,0.04890977597154709,0.0,0.14672932791464127,0:0.146729;42:0.000000;1337:0.000000,-0.489810371943078,-0.49610125827127344
floorNdivBpowD_modB,floor(N / B^D) mod B,4,3,N_tens,3,0.08927867571366367,0.05648473657192824,0.13972329587360235,0:0.139723;42:0.056485;1337:0.071628,-0.5745950834654524,-0.4326757769747041
floorNdivBpowD_modB,floor(N / B^D) mod B,5,4,N_tens,3,0.02599001961573508,0.0,0.07797005884720525,0:0.000000;42:0.000000;1337:0.077970,-0.5065589221767747,-0.5037587872589019
floorNdivBpowD_modB,floor(N / B^D) mod B,6,5,N_tens,3,0.0003216716801475803,0.0,0.0009650150404427409,0:0.000000;42:0.000965;1337:0.000000,-0.42574368756293346,-0.510306845391079
floorNdivBpowD_modB,floor(N / B^D) mod B,7,6,N_tens,3,0.03774238925951103,0.0,0.1132271677785331,0:0.000000;42:0.113227;1337:0.000000,-0.48981037194285354,-0.5200587424168389
floorNdivBpowD_modB,floor(N / B^D) mod B,8,7,N_tens,3,0.051559788358654816,0.0,0.15467936507596444,0:0.154679;42:0.000000;1337:0.000000,-0.4665622199297735,-0.3900440212905318
floorNdivBpowD_modB,floor(N / B^D) mod B,9,8,N_tens,3,0.04117189812017765,0.0,0.12351569436053296,0:0.000000;42:0.123516;1337:0.000000,-0.4703082249849227,-0.4525381120780838
floorNdivBpowD_modB,floor(N / B^D) mod B,10,9,N_tens,3,0.06506393184696636,0.0,0.11756263482917166,0:0.077629;42:0.117563;1337:0.000000,-0.4907316170968659,-0.39701213858468326
floorNdivBpowD_modB,floor(N / B^D) mod B,0,input,O[0],3,0.0,0.0,0.0,0:0.000000;42:0.000000;1337:0.000000,-0.5387467784514498,-0.5387467784514498
floorNdivBpowD_modB,floor(N / B^D) mod B,1,0,O[0],3,0.009241219673023828,0.0,0.02772365901907148,0:0.000000;42:0.027724;1337:0.000000,0.5146502181426494,0.5051852066598553
floorNdivBpowD_modB,floor(N / B^D) mod B,2,1,O[0],3,0.07179914718276377,0.0,0.12142291885081752,0:0.121423;42:0.093975;1337:0.000000,0.5139359690169322,0.548210584274725
floorNdivBpowD_modB,floor(N / B^D) mod B,3,2,O[0],3,0.10861198927550535,0.04040478239454451,0.14516255959583177,0:0.145163;42:0.140269;1337:0.040405,0.5089965167207411,0.5624722597668671
floorNdivBpowD_modB,floor(N / B^D) mod B,4,3,O[0],3,0.1308054188787742,0.08407580038695518,0.16775186878711768,0:0.167752;42:0.140589;1337:0.084076,0.5090426183658476,0.5734325503753518
floorNdivBpowD_modB,floor(N / B^D) mod B,5,4,O[0],3,0.1674782780678176,0.13170924660957964,0.23535417417157878,0:0.235354;42:0.131709;1337:0.135371,0.5113966837916788,0.5939937475418676
floorNdivBpowD_modB,floor(N / B^D) mod B,6,5,O[0],3,0.244262468587967,0.19308798207791378,0.29913272491306614,0:0.299133;42:0.193088;1337:0.240567,0.5060335106359212,0.6274304579409624
floorNdivBpowD_modB,floor(N / B^D) mod B,7,6,O[0],3,0.3844827094799889,0.34165719631084573,0.4116636879705385,0:0.411664;42:0.341657;1337:0.400127,0.4975912516861765,0.6912392863772204
floorNdivBpowD_modB,floor(N / B^D) mod B,8,7,O[0],3,0.5146871403495655,0.49795153481608995,0.5294386991833911,0:0.529439;42:0.497952;1337:0.516671,0.49866294377417164,0.7569568868591459
floorNdivBpowD_modB,floor(N / B^D) mod B,9,8,O[0],3,0.754343305640766,0.7335349381090633,0.774613846757284,0:0.733535;42:0.754881;1337:0.774614,0.4972869526042716,0.8764488927715034
floorNdivBpowD_modB,floor(N / B^D) mod B,10,9,O[0],3,0.8391246825951456,0.8140719543211524,0.8582396304312755,0:0.814072;42:0.845062;1337:0.858240,0.4900169183050422,0.9177979501980612
floorNdivBpowD_modB,floor(N / B^D) mod B,0,input,O[1],3,0.5025030938002583,0.4606201087595328,0.5556757085000087,0:0.460620;42:0.555676;1337:0.491213,-0.49106191135665966,0.25669291945975165
floorNdivBpowD_modB,floor(N / B^D) mod B,1,0,O[1],3,0.7415458906340987,0.6995577790067289,0.7654175697566533,0:0.759662;42:0.699558;1337:0.765418,0.4317385701915532,0.8536021909487964
floorNdivBpowD_modB,floor(N / B^D) mod B,2,1,O[1],3,0.7753344335506794,0.7580137467989386,0.78861225842974,0:0.779377;42:0.758014;1337:0.788612,0.4707176362175074,0.8812198730789668
floorNdivBpowD_modB,floor(N / B^D) mod B,3,2,O[1],3,0.7813496188591181,0.7590715612818114,0.793796765421528,0:0.791181;42:0.759072;1337:0.793797,0.4550981076512805,0.8811096647426798
floorNdivBpowD_modB,floor(N / B^D) mod B,4,3,O[1],3,0.7817783702877797,0.7726491305695841,0.7913395718619584,0:0.781346;42:0.772649;1337:0.791340,0.4524141952718108,0.8805329153280795
floorNdivBpowD_modB,floor(N / B^D) mod B,5,4,O[1],3,0.7829663718654979,0.7741201991206773,0.7929321388767482,0:0.781847;42:0.774120;1337:0.792932,0.45580157808982175,0.8819311534147095
floorNdivBpowD_modB,floor(N / B^D) mod B,6,5,O[1],3,0.7822755867621006,0.763857783564772,0.7937092514566926,0:0.789260;42:0.763858;1337:0.793709,0.4533463386810341,0.881146531778692
floorNdivBpowD_modB,floor(N / B^D) mod B,7,6,O[1],3,0.7965979615691454,0.7762034009424511,0.8131051436104345,0:0.800485;42:0.776203;1337:0.813105,0.44966503355390036,0.8882427362740662
floorNdivBpowD_modB,floor(N / B^D) mod B,8,7,O[1],3,0.8257410021380068,0.810473131044994,0.8359009608920367,0:0.830849;42:0.810473;1337:0.835901,0.4491616068598736,0.9041224671058501
floorNdivBpowD_modB,floor(N / B^D) mod B,9,8,O[1],3,0.8418488057500507,0.8240552225327952,0.859144369433721,0:0.842347;42:0.824055;1337:0.859144,0.44759624994124114,0.9127822793731585
floorNdivBpowD_modB,floor(N / B^D) mod B,10,9,O[1],3,0.8914180692312295,0.8722379585405137,0.9046963545240678,0:0.904696;42:0.872238;1337:0.897320,0.4472270679029955,0.940106229052561
