target,target_label,representation_index,layer_label,stream,n_seeds,mean_cv_r2,ci95_low_bootstrap_percentile,ci95_high_bootstrap_percentile
BpowD,B^D,0,input,B_ones,3,-0.07974433674310774,-0.1115997976257735,-0.05591820643488884
BpowD,B^D,0,input,B_tag,3,-0.10551909400534443,-0.13046239733120935,-0.08783133771992054
BpowD,B^D,0,input,B_tens,3,-0.07172020067934971,-0.10468360173390982,-0.04028521218076002
BpowD,B^D,0,input,D_ones,3,0.2081024302005535,0.10760617444546068,0.3386047889080858
BpowD,B^D,0,input,D_tag,3,-0.10551909400534443,-0.13046239733120935,-0.08783133771992054
BpowD,B^D,0,input,N_hundreds,3,-0.056286228100914194,-0.06462904627120829,-0.047287498707500965
BpowD,B^D,0,input,N_ones,3,-0.10956054924977555,-0.1342768255426568,-0.08875651582555795
BpowD,B^D,0,input,N_tag,3,-0.10551909400534443,-0.13046239733120935,-0.08783133771992054
BpowD,B^D,0,input,N_tens,3,-0.10882782250254079,-0.13387264309533178,-0.09088028199081173
BpowD,B^D,0,input,O[0],3,-0.10551909400534443,-0.13046239733120935,-0.08783133771992054
BpowD,B^D,0,input,O[1],3,-0.08524628966003119,-0.09706177321964164,-0.07898593243663639
BpowD,B^D,1,0,B_ones,3,-0.05650734761503375,-0.061321884928170145,-0.05396320716893466
BpowD,B^D,1,0,B_tag,3,-0.10651811769445581,-0.1344232148530265,-0.08791401500831901
BpowD,B^D,1,0,B_tens,3,-0.14054793387340828,-0.2693317387651749,-0.0261258576003361
BpowD,B^D,1,0,D_ones,3,0.9980738165681965,0.9955646091181934,0.9995441928277708
BpowD,B^D,1,0,D_tag,3,-0.09087515435606229,-0.12503330757301628,-0.05643146914658862
BpowD,B^D,1,0,N_hundreds,3,-0.056310905099833435,-0.06462904627120883,-0.0407226848072479
BpowD,B^D,1,0,N_ones,3,-0.08365764967891993,-0.08968180001721786,-0.07712087052986645
BpowD,B^D,1,0,N_tag,3,-0.10551909400534443,-0.13046239733120935,-0.08783133771992054
BpowD,B^D,1,0,N_tens,3,-0.07503921050495764,-0.08102863969539656,-0.0712793628936497
BpowD,B^D,1,0,O[0],3,0.6839359934721639,0.6334876136553036,0.7133054798761979
BpowD,B^D,1,0,O[1],3,0.5703844365499772,0.5012961536582384,0.6236361515313196
BpowD,B^D,2,1,B_ones,3,-0.1030776073458863,-0.13766371440934044,-0.08115220283397853
BpowD,B^D,2,1,B_tag,3,-0.1334361643708686,-0.14188378468986623,-0.12400149025458367
BpowD,B^D,2,1,B_tens,3,-0.12065677021841203,-0.1693725877446889,-0.02558984848630876
BpowD,B^D,2,1,D_ones,3,0.9373038580416074,0.8436873854181745,0.9958413411731927
BpowD,B^D,2,1,D_tag,3,-0.07371508505673573,-0.08877021360067501,-0.06245166127222146
BpowD,B^D,2,1,N_hundreds,3,-0.061717389938761524,-0.06462904627120847,-0.05694213932403316
BpowD,B^D,2,1,N_ones,3,-0.10261529811038302,-0.12230915378997213,-0.07712070116940697
BpowD,B^D,2,1,N_tag,3,-0.10551909400534443,-0.13046239733120935,-0.08783133771992054
BpowD,B^D,2,1,N_tens,3,-0.08518521642901904,-0.0908687326610802,-0.08102863967996594
BpowD,B^D,2,1,O[0],3,0.876489089127733,0.8174720665759772,0.9342530639104423
BpowD,B^D,2,1,O[1],3,0.857699288223562,0.8244345179352998,0.9027063868903064
BpowD,B^D,3,2,B_ones,3,-0.0744087326867691,-0.07675976476761652,-0.07246552873254417
BpowD,B^D,3,2,B_tag,3,-0.08426765492564091,-0.10771720579954784,-0.05125388999923034
BpowD,B^D,3,2,B_tens,3,-0.121882365355995,-0.19111938051518007,-0.023515114443757867
BpowD,B^D,3,2,D_ones,3,0.9236969896384112,0.82761887237796,0.9889720699596062
BpowD,B^D,3,2,D_tag,3,-0.0656140586856513,-0.08238469840203218,-0.054833982310883524
BpowD,B^D,3,2,N_hundreds,3,-0.06171738993876182,-0.06462904627120855,-0.05694213932403328
BpowD,B^D,3,2,N_ones,3,-0.10315732609818333,-0.12620620364446125,-0.08450352970941295
BpowD,B^D,3,2,N_tag,3,-0.10551909400534443,-0.13046239733120935,-0.08783133771992054
BpowD,B^D,3,2,N_tens,3,-0.08921213743857688,-0.10548831676121344,-0.07127936289346337
BpowD,B^D,3,2,O[0],3,0.8223904739060236,0.7345153047532932,0.8752951512335544
BpowD,B^D,3,2,O[1],3,0.8250818730469319,0.7550627739509684,0.8910027784733883
BpowD,B^D,4,3,B_ones,3,-0.06528675453055495,-0.07878541103216105,-0.057743525742888525
BpowD,B^D,4,3,B_tag,3,-0.10844049896003004,-0.11988200086403729,-0.10117357860552816
BpowD,B^D,4,3,B_tens,3,-0.12228261862857233,-0.2024129359676051,-0.025835911040710768
BpowD,B^D,4,3,D_ones,3,0.9000335126805333,0.7884716199241991,0.9788686300223617
BpowD,B^D,4,3,D_tag,3,-0.06626835835795364,-0.087968960588928,-0.0474503725747325
BpowD,B^D,4,3,N_hundreds,3,-0.06171738993876169,-0.0646290462712082,-0.05694213932403328
BpowD,B^D,4,3,N_ones,3,-0.09079121870155993,-0.11050775671405337,-0.054226637808679944
BpowD,B^D,4,3,N_tag,3,-0.10551909400534443,-0.13046239733120935,-0.08783133771992054
BpowD,B^D,4,3,N_tens,3,-0.0754027439256212,-0.08251257984724085,-0.06917450774515373
BpowD,B^D,4,3,O[0],3,0.7897077557660847,0.7080475888106396,0.8437966342514919
BpowD,B^D,4,3,O[1],3,0.8163521470857708,0.7507730977293777,0.8849337093705113
BpowD,B^D,5,4,B_ones,3,-0.05973127093680471,-0.07116178479015003,-0.05261900805447676
BpowD,B^D,5,4,B_tag,3,-0.12171704248294213,-0.1344232185167741,-0.10374492776283044
BpowD,B^D,5,4,B_tens,3,-0.12384015983116915,-0.2152002205321566,-0.029623919335181114
BpowD,B^D,5,4,D_ones,3,0.8920948776088156,0.7828092230603758,0.9734338745026999
BpowD,B^D,5,4,D_tag,3,-0.06411084790475931,-0.08596527244429142,-0.04360494161486748
BpowD,B^D,5,4,N_hundreds,3,-0.061717389938761746,-0.06462904627120825,-0.05694213932403338
BpowD,B^D,5,4,N_ones,3,-0.10872706659252136,-0.13554027250952827,-0.0841702969499523
BpowD,B^D,5,4,N_tag,3,-0.10551909400534443,-0.13046239733120935,-0.08783133771992054
BpowD,B^D,5,4,N_tens,3,-0.08445511335347132,-0.10209552884858437,-0.07024117153196223
BpowD,B^D,5,4,O[0],3,0.7661247461897615,0.6975264817340484,0.8278063034187708
BpowD,B^D,5,4,O[1],3,0.7881473783986098,0.7126392892515341,0.8822572798441289
BpowD,B^D,6,5,B_ones,3,-0.05794745614294814,-0.06320221944679391,-0.05316462757461049
BpowD,B^D,6,5,B_tag,3,-0.0963555108921192,-0.10647063036099032,-0.07642382162761288
BpowD,B^D,6,5,B_tens,3,-0.1274859426327874,-0.21102426257400678,-0.03038561059124334
BpowD,B^D,6,5,D_ones,3,0.892119992390415,0.784986227109567,0.9688715363817
BpowD,B^D,6,5,D_tag,3,-0.06181986506768324,-0.08734908981903404,-0.03746377437440984
BpowD,B^D,6,5,N_hundreds,3,-0.05631090509983308,-0.06462904627120829,-0.04072268480724757
BpowD,B^D,6,5,N_ones,3,-0.11955022575523999,-0.12620620363760088,-0.11037034085277075
BpowD,B^D,6,5,N_tag,3,-0.10551909400534443,-0.13046239733120935,-0.08783133771992054
BpowD,B^D,6,5,N_tens,3,-0.08840898670724662,-0.10548831676124097,-0.07608036641445612
BpowD,B^D,6,5,O[0],3,0.7533620630327532,0.6793185530237259,0.8244710280557204
BpowD,B^D,6,5,O[1],3,0.7755478858726654,0.6968015891141007,0.8693969955562452
BpowD,B^D,7,6,B_ones,3,-0.060046467139543314,-0.0675098469100556,-0.055517064684762495
BpowD,B^D,7,6,B_tag,3,-0.11021683474351214,-0.1251846961513289,-0.09721711984687116
BpowD,B^D,7,6,B_tens,3,-0.13212972935282327,-0.22082997740375424,-0.02925357288056853
BpowD,B^D,7,6,D_ones,3,0.8819109454495891,0.7653627196925997,0.9690783449042716
BpowD,B^D,7,6,D_tag,3,-0.06026420212299055,-0.07732102714262368,-0.04392729831304998
BpowD,B^D,7,6,N_hundreds,3,-0.0563109050998336,-0.06462904627120833,-0.04072268480724841
BpowD,B^D,7,6,N_ones,3,-0.08727321950358903,-0.10426591741456408,-0.07712070116895324
BpowD,B^D,7,6,N_tag,3,-0.10551909400534443,-0.13046239733120935,-0.08783133771992054
BpowD,B^D,7,6,N_tens,3,-0.08715914288829463,-0.1054883167610976,-0.05389358305533417
BpowD,B^D,7,6,O[0],3,0.7484947664258016,0.6801203180574124,0.8139233208190279
BpowD,B^D,7,6,O[1],3,0.7806729182363314,0.698044004354359,0.8602255153439756
BpowD,B^D,8,7,B_ones,3,-0.060707453419471875,-0.07252845743204095,-0.050431079543031644
BpowD,B^D,8,7,B_tag,3,-0.10354220936646973,-0.12509970470572393,-0.07827951524197307
BpowD,B^D,8,7,B_tens,3,-0.12474903176746999,-0.20960483956463385,-0.03046742212595786
BpowD,B^D,8,7,D_ones,3,0.8687468642868366,0.7436225883180324,0.9630828076100068
BpowD,B^D,8,7,D_tag,3,-0.06345221762447961,-0.07939634595421759,-0.04859034107274104
BpowD,B^D,8,7,N_hundreds,3,-0.061717389938761545,-0.06462904627120833,-0.05694213932403284
BpowD,B^D,8,7,N_ones,3,-0.10886049457171866,-0.13554027250889855,-0.08262517183902389
BpowD,B^D,8,7,N_tag,3,-0.10551909400534443,-0.13046239733120935,-0.08783133771992054
BpowD,B^D,8,7,N_tens,3,-0.06784788695036971,-0.08102863967993876,-0.049705392244912695
BpowD,B^D,8,7,O[0],3,0.7389440613516894,0.6697876715597793,0.8079345994633558
BpowD,B^D,8,7,O[1],3,0.7686335097621707,0.6835984400619876,0.8500298540731327
BpowD,B^D,9,8,B_ones,3,-0.06008257136630338,-0.06947258861331966,-0.04970635015055432
BpowD,B^D,9,8,B_tag,3,-0.09992532115852525,-0.10771720579786555,-0.09088517907523319
BpowD,B^D,9,8,B_tens,3,-0.12948097925118682,-0.21378251089813674,-0.03098601018971679
BpowD,B^D,9,8,D_ones,3,0.8509497286794829,0.7083626475197624,0.9552928442283216
BpowD,B^D,9,8,D_tag,3,-0.06130676638161533,-0.08113402567737835,-0.03929456461431709
BpowD,B^D,9,8,N_hundreds,3,-0.053469131155799376,-0.06358098422104352,-0.039884269922321566
BpowD,B^D,9,8,N_ones,3,-0.10128793303267886,-0.11833687575305185,-0.07827951524261789
BpowD,B^D,9,8,N_tag,3,-0.10551909400534443,-0.13046239733120935,-0.08783133771992054
BpowD,B^D,9,8,N_tens,3,-0.07722490179068862,-0.1054883167612144,-0.03857462896330044
BpowD,B^D,9,8,O[0],3,0.7318673556208136,0.669358478387089,0.7960592961326641
BpowD,B^D,9,8,O[1],3,0.7557925537098518,0.6671238850815137,0.8391818719146343
BpowD,B^D,10,9,B_ones,3,-0.05972943644871335,-0.07164114149738984,-0.044628933612269904
BpowD,B^D,10,9,B_tag,3,-0.08868133238050331,-0.12400149086069161,-0.06160946635284481
BpowD,B^D,10,9,B_tens,3,-0.12903034534379287,-0.2153650470094306,-0.029183699059058998
BpowD,B^D,10,9,D_ones,3,0.8724628184604354,0.7605874113730916,0.9565781807487808
BpowD,B^D,10,9,D_tag,3,-0.055246500816211665,-0.0737819370465123,-0.03423139584124106
BpowD,B^D,10,9,N_hundreds,3,-0.06171738993876197,-0.06462904627120962,-0.056942139324033116
BpowD,B^D,10,9,N_ones,3,-0.0905761957963741,-0.10155279585704198,-0.07712070116661388
BpowD,B^D,10,9,N_tag,3,-0.10551909400534443,-0.13046239733120935,-0.08783133771992054
BpowD,B^D,10,9,N_tens,3,-0.06810420937616361,-0.08206453049661792,-0.054922217439949995
BpowD,B^D,10,9,O[0],3,0.7309295953675603,0.6797487650539621,0.7966945495612304
BpowD,B^D,10,9,O[1],3,0.7535460783539643,0.6749951654565022,0.8369075552235158
NdivBpowD,N / B^D,0,input,B_ones,3,-0.300161171290339,-0.3057345709937045,-0.29566791909880197
NdivBpowD,N / B^D,0,input,B_tag,3,-0.29967070839609056,-0.3055546564862209,-0.29309006550487654
NdivBpowD,N / B^D,0,input,B_tens,3,-0.2980944559692165,-0.3032802764759886,-0.2929541801064888
NdivBpowD,N / B^D,0,input,D_ones,3,0.3681258684916829,0.34946718871799015,0.3875642819995046
NdivBpowD,N / B^D,0,input,D_tag,3,-0.29967070839609056,-0.3055546564862209,-0.29309006550487654
NdivBpowD,N / B^D,0,input,N_hundreds,3,-0.21453301915044073,-0.24415716163265686,-0.17340195173382578
NdivBpowD,N / B^D,0,input,N_ones,3,-0.30303709463839895,-0.31290072466411795,-0.295207471155284
NdivBpowD,N / B^D,0,input,N_tag,3,-0.29967070839609056,-0.3055546564862209,-0.29309006550487654
NdivBpowD,N / B^D,0,input,N_tens,3,-0.3014871925649587,-0.3075684382039545,-0.29471254870689295
NdivBpowD,N / B^D,0,input,O[0],3,-0.29967070839609056,-0.3055546564862209,-0.29309006550487654
NdivBpowD,N / B^D,0,input,O[1],3,-0.24376384043476942,-0.2581890175011266,-0.2237985839227973
NdivBpowD,N / B^D,1,0,B_ones,3,-0.1655768964393365,-0.18281373393202735,-0.14425521561187563
NdivBpowD,N / B^D,1,0,B_tag,3,-0.20054720241747237,-0.2709339601226896,-0.1645261562283707
NdivBpowD,N / B^D,1,0,B_tens,3,-0.17349557194506704,-0.19385557768260475,-0.15798653976655724
NdivBpowD,N / B^D,1,0,D_ones,3,0.9476406444680352,0.8973765982783023,0.9865643635337881
NdivBpowD,N / B^D,1,0,D_tag,3,-0.16852929165145147,-0.18990999916672094,-0.1406773145523393
NdivBpowD,N / B^D,1,0,N_hundreds,3,-0.21796792327835743,-0.2414220884534298,-0.18644173729680227
NdivBpowD,N / B^D,1,0,N_ones,3,-0.1376466005208769,-0.16294550050059226,-0.09974058730841558
NdivBpowD,N / B^D,1,0,N_tag,3,-0.29967070839609056,-0.3055546564862209,-0.29309006550487654
NdivBpowD,N / B^D,1,0,N_tens,3,-0.19601046049561055,-0.22549602580619607,-0.15792131667713205
NdivBpowD,N / B^D,1,0,O[0],3,0.8989339795207653,0.8631909988036863,0.9298310486096071
NdivBpowD,N / B^D,1,0,O[1],3,0.843599971961731,0.7823381446376368,0.8913849993698358
NdivBpowD,N / B^D,2,1,B_ones,3,-0.17579332851181015,-0.19644052211352045,-0.14990468942252066
NdivBpowD,N / B^D,2,1,B_tag,3,-0.28114836817778555,-0.2869944261686739,-0.27093393211924843
NdivBpowD,N / B^D,2,1,B_tens,3,-0.17506195423189283,-0.19250812921484148,-0.1624133816387244
NdivBpowD,N / B^D,2,1,D_ones,3,0.8724150599989707,0.7852263017470413,0.9572636238934846
NdivBpowD,N / B^D,2,1,D_tag,3,-0.1578152200840504,-0.16638265494107046,-0.14378204095365618
NdivBpowD,N / B^D,2,1,N_hundreds,3,-0.23720639805697571,-0.24415716163265708,-0.22603994408483982
NdivBpowD,N / B^D,2,1,N_ones,3,-0.19799705108377508,-0.2247449796286134,-0.150253774829504
NdivBpowD,N / B^D,2,1,N_tag,3,-0.29967070839609056,-0.3055546564862209,-0.29309006550487654
NdivBpowD,N / B^D,2,1,N_tens,3,-0.23770676002760557,-0.2854875463523878,-0.20461403904039663
NdivBpowD,N / B^D,2,1,O[0],3,0.9097640518716763,0.8711788241873203,0.9301022349188554
NdivBpowD,N / B^D,2,1,O[1],3,0.9039000013612083,0.8851044497789026,0.916488659330026
NdivBpowD,N / B^D,3,2,B_ones,3,-0.15968876105566665,-0.17328444076701102,-0.13518646049737323
NdivBpowD,N / B^D,3,2,B_tag,3,-0.1374381964278216,-0.16310843830153904,-0.08725316461563633
NdivBpowD,N / B^D,3,2,B_tens,3,-0.1767218856041928,-0.1898846160530475,-0.16450951873269845
NdivBpowD,N / B^D,3,2,D_ones,3,0.960038597268689,0.9549988207073264,0.9680267687900684
NdivBpowD,N / B^D,3,2,D_tag,3,-0.1634644331302017,-0.1694260025151796,-0.15675360948783018
NdivBpowD,N / B^D,3,2,N_hundreds,3,-0.23720639805697571,-0.2441571616326567,-0.22603994408484004
NdivBpowD,N / B^D,3,2,N_ones,3,-0.19782507713791156,-0.2886955363203162,-0.14799971050018632
NdivBpowD,N / B^D,3,2,N_tag,3,-0.29967070839609056,-0.3055546564862209,-0.29309006550487654
NdivBpowD,N / B^D,3,2,N_tens,3,-0.23594058937555895,-0.28548754635221096,-0.15792131667756898
NdivBpowD,N / B^D,3,2,O[0],3,0.9103343410861623,0.8656902274823178,0.9493024053723312
NdivBpowD,N / B^D,3,2,O[1],3,0.8832522403632203,0.8524336770245352,0.9061286530173911
NdivBpowD,N / B^D,4,3,B_ones,3,-0.15779295036207883,-0.16843216279097092,-0.13876276483584937
NdivBpowD,N / B^D,4,3,B_tag,3,-0.21677582061910103,-0.22458191920486334,-0.21018738646551224
NdivBpowD,N / B^D,4,3,B_tens,3,-0.17267174712879094,-0.18548308964530294,-0.16477448099531283
NdivBpowD,N / B^D,4,3,D_ones,3,0.9589991227634226,0.9508785186634041,0.9734456119751927
NdivBpowD,N / B^D,4,3,D_tag,3,-0.1635747025914128,-0.17564363054054702,-0.14654032804343378
NdivBpowD,N / B^D,4,3,N_hundreds,3,-0.23720639805697538,-0.24415716163265686,-0.22603994408483943
NdivBpowD,N / B^D,4,3,N_ones,3,-0.16240172193362432,-0.2285947703840124,-0.0970800102077423
NdivBpowD,N / B^D,4,3,N_tag,3,-0.29967070839609056,-0.3055546564862209,-0.29309006550487654
NdivBpowD,N / B^D,4,3,N_tens,3,-0.20140663922405735,-0.226769612770339,-0.16691258539348244
NdivBpowD,N / B^D,4,3,O[0],3,0.8970931733669731,0.85180164729749,0.9311934671971146
NdivBpowD,N / B^D,4,3,O[1],3,0.8550816265618009,0.8239027763570208,0.876271516534597
NdivBpowD,N / B^D,5,4,B_ones,3,-0.16030409264799317,-0.1743685655973152,-0.14291739423225178
NdivBpowD,N / B^D,5,4,B_tag,3,-0.2406815323621081,-0.28484574463841994,-0.16626491983061076
NdivBpowD,N / B^D,5,4,B_tens,3,-0.1801570244725835,-0.18807416866785412,-0.17446016134303544
NdivBpowD,N / B^D,5,4,D_ones,3,0.9597579270946248,0.9512043680162338,0.9752862001468815
NdivBpowD,N / B^D,5,4,D_tag,3,-0.16225280256647331,-0.16713510243651827,-0.15444870329210328
NdivBpowD,N / B^D,5,4,N_hundreds,3,-0.2372063980569756,-0.2441571616326569,-0.22603994408483988
NdivBpowD,N / B^D,5,4,N_ones,3,-0.2019760546458369,-0.27990456225380617,-0.09974057223840327
NdivBpowD,N / B^D,5,4,N_tag,3,-0.29967070839609056,-0.3055546564862209,-0.29309006550487654
NdivBpowD,N / B^D,5,4,N_tens,3,-0.23683295665718074,-0.2821801475090887,-0.20461403904058076
NdivBpowD,N / B^D,5,4,O[0],3,0.8901014812124588,0.846938286918084,0.9220261400049866
NdivBpowD,N / B^D,5,4,O[1],3,0.8412822602153387,0.8119457175291028,0.8663914659014672
NdivBpowD,N / B^D,6,5,B_ones,3,-0.1614732898517417,-0.17752085026576178,-0.14236534116291985
NdivBpowD,N / B^D,6,5,B_tag,3,-0.1840465326509615,-0.22628302943023967,-0.15615740616658674
NdivBpowD,N / B^D,6,5,B_tens,3,-0.18110743753755973,-0.19332011890476072,-0.1736173919802845
NdivBpowD,N / B^D,6,5,D_ones,3,0.9538836279221968,0.944002119489659,0.9696410414868083
NdivBpowD,N / B^D,6,5,D_tag,3,-0.16087138671970533,-0.16837388004625842,-0.14649239271935208
NdivBpowD,N / B^D,6,5,N_hundreds,3,-0.2179679232783572,-0.24142208845342994,-0.18644173729680177
NdivBpowD,N / B^D,6,5,N_ones,3,-0.24172051655263563,-0.2886955363198548,-0.21100032072958733
NdivBpowD,N / B^D,6,5,N_tag,3,-0.29967070839609056,-0.3055546564862209,-0.29309006550487654
NdivBpowD,N / B^D,6,5,N_tens,3,-0.2375135946563093,-0.264412905096845,-0.2230186946901084
NdivBpowD,N / B^D,6,5,O[0],3,0.8782759832167946,0.8319772551248666,0.9080727638672036
NdivBpowD,N / B^D,6,5,O[1],3,0.8259776147958199,0.7975767084642588,0.8518142631119939
NdivBpowD,N / B^D,7,6,B_ones,3,-0.16357777673636256,-0.18862704687038856,-0.13839694202941258
NdivBpowD,N / B^D,7,6,B_tag,3,-0.21996802990239409,-0.2723317809805158,-0.164526160543488
NdivBpowD,N / B^D,7,6,B_tens,3,-0.17428807975707658,-0.1919241555182906,-0.16064413913483172
NdivBpowD,N / B^D,7,6,D_ones,3,0.959813234996138,0.9481854351958307,0.9773523351405696
NdivBpowD,N / B^D,7,6,D_tag,3,-0.16322067707028173,-0.1715686073059035,-0.15224986233306614
NdivBpowD,N / B^D,7,6,N_hundreds,3,-0.2179679232783572,-0.24142208845343002,-0.18644173729680177
NdivBpowD,N / B^D,7,6,N_ones,3,-0.15747163524970623,-0.22458191912948547,-0.09757921179959328
NdivBpowD,N / B^D,7,6,N_tag,3,-0.29967070839609056,-0.3055546564862209,-0.29309006550487654
NdivBpowD,N / B^D,7,6,N_tens,3,-0.23719326748193895,-0.28218014750898496,-0.1649867498399912
NdivBpowD,N / B^D,7,6,O[0],3,0.8632417198953748,0.8218552669000948,0.8943911736643422
NdivBpowD,N / B^D,7,6,O[1],3,0.8128524561097321,0.7909739905003738,0.8385307817262776
NdivBpowD,N / B^D,8,7,B_ones,3,-0.1605527140573451,-0.1776461743410064,-0.13776728435361582
NdivBpowD,N / B^D,8,7,B_tag,3,-0.19933888592221857,-0.22243323836552298,-0.1570136218567701
NdivBpowD,N / B^D,8,7,B_tens,3,-0.17145070529924586,-0.18291238342173424,-0.16212341585482742
NdivBpowD,N / B^D,8,7,D_ones,3,0.958491167368939,0.9508175238836047,0.9733790066796505
NdivBpowD,N / B^D,8,7,D_tag,3,-0.16544906262510506,-0.1772909280622926,-0.15701508293077557
NdivBpowD,N / B^D,8,7,N_hundreds,3,-0.23720639805697563,-0.2441571616326567,-0.22603994408484004
NdivBpowD,N / B^D,8,7,N_ones,3,-0.20404543003089648,-0.27990456225879223,-0.10748674821841979
NdivBpowD,N / B^D,8,7,N_tag,3,-0.29967070839609056,-0.3055546564862209,-0.29309006550487654
NdivBpowD,N / B^D,8,7,N_tens,3,-0.17637189476120238,-0.22549602580563124,-0.0990056194374418
NdivBpowD,N / B^D,8,7,O[0],3,0.8478220435261693,0.8066042853706182,0.8828345691583929
NdivBpowD,N / B^D,8,7,O[1],3,0.7972358280402556,0.7799338608553272,0.8199870206104434
NdivBpowD,N / B^D,9,8,B_ones,3,-0.1596431399512183,-0.17822461763099126,-0.1370508667550765
NdivBpowD,N / B^D,9,8,B_tag,3,-0.17872465195688392,-0.21018738647072413,-0.1619529863747577
NdivBpowD,N / B^D,9,8,B_tens,3,-0.17252030789286502,-0.1798432065453505,-0.16080314672384147
NdivBpowD,N / B^D,9,8,D_ones,3,0.9526272140981015,0.9431162176256219,0.9667457585220282
NdivBpowD,N / B^D,9,8,D_tag,3,-0.16495582821358795,-0.17300421735016394,-0.15737821989037895
NdivBpowD,N / B^D,9,8,N_hundreds,3,-0.2173683487358642,-0.24415716163265663,-0.16652579612150517
NdivBpowD,N / B^D,9,8,N_ones,3,-0.20091706424284353,-0.22330433217050008,-0.15701362185572715
NdivBpowD,N / B^D,9,8,N_tag,3,-0.29967070839609056,-0.3055546564862209,-0.29309006550487654
NdivBpowD,N / B^D,9,8,N_tens,3,-0.19786982041137513,-0.26441290509687576,-0.10312251792490516
NdivBpowD,N / B^D,9,8,O[0],3,0.8342810253004184,0.8004546941784006,0.8691533744676588
NdivBpowD,N / B^D,9,8,O[1],3,0.7815629760281032,0.7638551449778784,0.8088210046979656
NdivBpowD,N / B^D,10,9,B_ones,3,-0.16190769491072418,-0.17756655805296143,-0.14514047152287435
NdivBpowD,N / B^D,10,9,B_tag,3,-0.1597998612311327,-0.28699442600380326,-0.09482594588346464
NdivBpowD,N / B^D,10,9,B_tens,3,-0.1745185004662749,-0.18567938686906618,-0.1673128206080227
NdivBpowD,N / B^D,10,9,D_ones,3,0.9441180102310679,0.9298545794850618,0.9593520384528048
NdivBpowD,N / B^D,10,9,D_tag,3,-0.1569300841769651,-0.15995537134674276,-0.1527675747679603
NdivBpowD,N / B^D,10,9,N_hundreds,3,-0.23720639805697544,-0.2441571616326569,-0.22603994408483863
NdivBpowD,N / B^D,10,9,N_ones,3,-0.15785646390860522,-0.16695823350415542,-0.15025377481352806
NdivBpowD,N / B^D,10,9,N_tag,3,-0.29967070839609056,-0.3055546564862209,-0.29309006550487654
NdivBpowD,N / B^D,10,9,N_tens,3,-0.1735726689293784,-0.20401158212605633,-0.15486597315534276
NdivBpowD,N / B^D,10,9,O[0],3,0.8211850357366712,0.7902628498747121,0.8562444728826671
NdivBpowD,N / B^D,10,9,O[1],3,0.7651302799255508,0.7488907825005441,0.7899702808871295
floorNdivBpowD,floor(N / B^D),0,input,B_ones,3,-0.29841975789853453,-0.30398349088478416,-0.29409570543681085
floorNdivBpowD,floor(N / B^D),0,input,B_tag,3,-0.29793761190187773,-0.3038081202942816,-0.29152325156489406
floorNdivBpowD,floor(N / B^D),0,input,B_tens,3,-0.2963507912012397,-0.3015250220305164,-0.29137906568340044
floorNdivBpowD,floor(N / B^D),0,input,D_ones,3,0.37023571598994387,0.3514290332402837,0.3897947694403947
floorNdivBpowD,floor(N / B^D),0,input,D_tag,3,-0.29793761190187773,-0.3038081202942816,-0.29152325156489406
floorNdivBpowD,floor(N / B^D),0,input,N_hundreds,3,-0.21302495324086737,-0.24237175467051472,-0.17212912746544898
floorNdivBpowD,floor(N / B^D),0,input,N_ones,3,-0.3013084382753608,-0.31115759880731597,-0.29364406458410136
floorNdivBpowD,floor(N / B^D),0,input,N_tag,3,-0.29793761190187773,-0.3038081202942816,-0.29152325156489406
floorNdivBpowD,floor(N / B^D),0,input,N_tens,3,-0.2997616383263914,-0.3058295989139983,-0.29315433388817147
floorNdivBpowD,floor(N / B^D),0,input,O[0],3,-0.29793761190187773,-0.3038081202942816,-0.29152325156489406
floorNdivBpowD,floor(N / B^D),0,input,O[1],3,-0.2420244251573309,-0.2564287885560664,-0.2222373707876019
floorNdivBpowD,floor(N / B^D),1,0,B_ones,3,-0.16572962127100813,-0.1829962280581642,-0.14434828265357375
floorNdivBpowD,floor(N / B^D),1,0,B_tag,3,-0.19976370313269873,-0.26977499462034993,-0.16400145743122066
floorNdivBpowD,floor(N / B^D),1,0,B_tens,3,-0.17364591889387956,-0.19394754192740615,-0.1581548151061194
floorNdivBpowD,floor(N / B^D),1,0,D_ones,3,0.947697521923728,0.8974900492935864,0.9865721420853815
floorNdivBpowD,floor(N / B^D),1,0,D_tag,3,-0.168662819199879,-0.19006355921696172,-0.14077167752228217
floorNdivBpowD,floor(N / B^D),1,0,N_hundreds,3,-0.2164654585911552,-0.23979855533227026,-0.18502384285455667
floorNdivBpowD,floor(N / B^D),1,0,N_ones,3,-0.13718884256309224,-0.16228342990543018,-0.09953943260984333
floorNdivBpowD,floor(N / B^D),1,0,N_tag,3,-0.29793761190187773,-0.3038081202942816,-0.29152325156489406
floorNdivBpowD,floor(N / B^D),1,0,N_tens,3,-0.19485004310807177,-0.224076075640947,-0.1569829600741544
floorNdivBpowD,floor(N / B^D),1,0,O[0],3,0.8990259732278464,0.8633059923854575,0.9298786060512599
floorNdivBpowD,floor(N / B^D),1,0,O[1],3,0.8437185282735818,0.782493190038197,0.8914640165384421
floorNdivBpowD,floor(N / B^D),2,1,B_ones,3,-0.1759200979156991,-0.1966129934973743,-0.14997837939338873
floorNdivBpowD,floor(N / B^D),2,1,B_tag,3,-0.27987319957854173,-0.2855739189756296,-0.26977496664018785
floorNdivBpowD,floor(N / B^D),2,1,B_tens,3,-0.17520897729199747,-0.19269762778794894,-0.16257526777843326
floorNdivBpowD,floor(N / B^D),2,1,D_ones,3,0.8725553621226366,0.785456898370803,0.957303726997023
floorNdivBpowD,floor(N / B^D),2,1,D_tag,3,-0.15794987979728736,-0.16653659375712518,-0.14385107609983186
floorNdivBpowD,floor(N / B^D),2,1,N_hundreds,3,-0.2355814291964744,-0.24237175467051472,-0.22457397758663852
floorNdivBpowD,floor(N / B^D),2,1,N_ones,3,-0.1971895545781505,-0.22372627597765074,-0.14974372639567018
floorNdivBpowD,floor(N / B^D),2,1,N_tag,3,-0.29793761190187773,-0.3038081202942816,-0.29152325156489406
floorNdivBpowD,floor(N / B^D),2,1,N_tens,3,-0.23631360497046575,-0.2836947249068033,-0.2034910936455713
floorNdivBpowD,floor(N / B^D),2,1,O[0],3,0.9098531615569764,0.8713071802243277,0.9301861536987639
floorNdivBpowD,floor(N / B^D),2,1,O[1],3,0.9039976146415455,0.8852407289893058,0.9165686301751516
floorNdivBpowD,floor(N / B^D),3,2,B_ones,3,-0.15982687145696153,-0.17346534203583067,-0.13526163001684122
floorNdivBpowD,floor(N / B^D),3,2,B_tag,3,-0.13697412801644965,-0.16246352062594785,-0.08707290827878196
floorNdivBpowD,floor(N / B^D),3,2,B_tens,3,-0.17687164464574914,-0.1900818280391913,-0.16466575090740218
floorNdivBpowD,floor(N / B^D),3,2,D_ones,3,0.9600790993813533,0.9550427676723613,0.9680613039465653
floorNdivBpowD,floor(N / B^D),3,2,D_tag,3,-0.16359711285054176,-0.16957280051506304,-0.15682229371589856
floorNdivBpowD,floor(N / B^D),3,2,N_hundreds,3,-0.23558142919647465,-0.24237175467051472,-0.22457397758663858
floorNdivBpowD,floor(N / B^D),3,2,N_ones,3,-0.19701079923372675,-0.28727118758257186,-0.14750908635545495
floorNdivBpowD,floor(N / B^D),3,2,N_tag,3,-0.29793761190187773,-0.3038081202942816,-0.29152325156489406
floorNdivBpowD,floor(N / B^D),3,2,N_tens,3,-0.23454364264119318,-0.28369472490662556,-0.15698296007458562
floorNdivBpowD,floor(N / B^D),3,2,O[0],3,0.9104161803391609,0.865839999260699,0.9493353182887546
floorNdivBpowD,floor(N / B^D),3,2,O[1],3,0.8833648447151816,0.8525922786534595,0.9062066540303727
floorNdivBpowD,floor(N / B^D),4,3,B_ones,3,-0.1579382520843192,-0.16859523010704405,-0.13884343963569687
floorNdivBpowD,floor(N / B^D),4,3,B_tag,3,-0.21585322973739252,-0.22354606278287914,-0.2093387887943988
floorNdivBpowD,floor(N / B^D),4,3,B_tens,3,-0.17282221689187452,-0.18568233140182286,-0.16486366208044173
floorNdivBpowD,floor(N / B^D),4,3,D_ones,3,0.959040548705448,0.9509251879370559,0.9734740961873968
floorNdivBpowD,floor(N / B^D),4,3,D_tag,3,-0.16370839251854138,-0.1757933550483831,-0.1466174864742058
floorNdivBpowD,floor(N / B^D),4,3,N_hundreds,3,-0.2355814291964744,-0.242371754670515,-0.22457397758663813
floorNdivBpowD,floor(N / B^D),4,3,N_ones,3,-0.1617901378703658,-0.2275433047066581,-0.09686869548116435
floorNdivBpowD,floor(N / B^D),4,3,N_tag,3,-0.29793761190187773,-0.3038081202942816,-0.29152325156489406
floorNdivBpowD,floor(N / B^D),4,3,N_tens,3,-0.20023220010588752,-0.22534698433435776,-0.16597164704077055
floorNdivBpowD,floor(N / B^D),4,3,O[0],3,0.8971749452757036,0.8519447029796,0.9312307114273176
floorNdivBpowD,floor(N / B^D),4,3,O[1],3,0.8552142032409572,0.8240887020563491,0.8763665519668052
floorNdivBpowD,floor(N / B^D),5,4,B_ones,3,-0.1604487193125503,-0.1745271952421532,-0.1430022345312508
floorNdivBpowD,floor(N / B^D),5,4,B_tag,3,-0.23964686486018202,-0.2834541579258303,-0.1657114695172433
floorNdivBpowD,floor(N / B^D),5,4,B_tens,3,-0.18030533884461553,-0.1882698979575196,-0.17462472757909206
floorNdivBpowD,floor(N / B^D),5,4,D_ones,3,0.9598021360048582,0.951256040267,0.9753139844046762
floorNdivBpowD,floor(N / B^D),5,4,D_tag,3,-0.16239164204809717,-0.16730484058971187,-0.15453748095751477
floorNdivBpowD,floor(N / B^D),5,4,N_hundreds,3,-0.2355814291964744,-0.24237175467051494,-0.22457397758663852
floorNdivBpowD,floor(N / B^D),5,4,N_ones,3,-0.20117224811146958,-0.27873399523577796,-0.09953941761876679
floorNdivBpowD,floor(N / B^D),5,4,N_tag,3,-0.29793761190187773,-0.3038081202942816,-0.29152325156489406
floorNdivBpowD,floor(N / B^D),5,4,N_tens,3,-0.2354511298186124,-0.2805669758421879,-0.20349109364575538
floorNdivBpowD,floor(N / B^D),5,4,O[0],3,0.890197926119438,0.8470860348309875,0.9220787562659174
floorNdivBpowD,floor(N / B^D),5,4,O[1],3,0.8414423441813245,0.8121441050912702,0.866516065702745
floorNdivBpowD,floor(N / B^D),6,5,B_ones,3,-0.16161935802434166,-0.17768825882263636,-0.14244744727089503
floorNdivBpowD,floor(N / B^D),6,5,B_tag,3,-0.18333520789375723,-0.22524333146522402,-0.15562699905340707
floorNdivBpowD,floor(N / B^D),6,5,B_tens,3,-0.18125222646049466,-0.1935121170636361,-0.17377441023422366
floorNdivBpowD,floor(N / B^D),6,5,D_ones,3,0.9539295458555511,0.9440489996154652,0.9696806228126832
floorNdivBpowD,floor(N / B^D),6,5,D_tag,3,-0.16101326198123941,-0.16852800646474475,-0.14657750699186112
floorNdivBpowD,floor(N / B^D),6,5,N_hundreds,3,-0.21646545859115515,-0.23979855533227026,-0.18502384285455684
floorNdivBpowD,floor(N / B^D),6,5,N_ones,3,-0.2406709390690459,-0.2872711875821093,-0.21017990448778714
floorNdivBpowD,floor(N / B^D),6,5,N_tag,3,-0.29793761190187773,-0.3038081202942816,-0.29152325156489406
floorNdivBpowD,floor(N / B^D),6,5,N_tens,3,-0.23613113581245426,-0.26295324294231615,-0.22175499635909834
floorNdivBpowD,floor(N / B^D),6,5,O[0],3,0.8783820711475822,0.8321448315409151,0.90814143944796
floorNdivBpowD,floor(N / B^D),6,5,O[1],3,0.8261498265256138,0.7977904314103063,0.8519630576428338
floorNdivBpowD,floor(N / B^D),7,6,B_ones,3,-0.16372645469538585,-0.18879807394558323,-0.13847690364126727
floorNdivBpowD,floor(N / B^D),7,6,B_tag,3,-0.2190618348240055,-0.2711728480630985,-0.16400146174176924
floorNdivBpowD,floor(N / B^D),7,6,B_tens,3,-0.1744268695890312,-0.19210573943159867,-0.16079194779983091
floorNdivBpowD,floor(N / B^D),7,6,D_ones,3,0.9598493919753276,0.9482400519456752,0.9773709052362639
floorNdivBpowD,floor(N / B^D),7,6,D_tag,3,-0.1633603808966988,-0.17175442619508008,-0.1523404113647598
floorNdivBpowD,floor(N / B^D),7,6,N_hundreds,3,-0.21646545859115515,-0.23979855533227012,-0.18502384285455697
floorNdivBpowD,floor(N / B^D),7,6,N_ones,3,-0.156897219073759,-0.22354606270766567,-0.09740186812740714
floorNdivBpowD,floor(N / B^D),7,6,N_tag,3,-0.29793761190187773,-0.3038081202942816,-0.29152325156489406
floorNdivBpowD,floor(N / B^D),7,6,N_tens,3,-0.23582259939333686,-0.2805669758420851,-0.16394757939561397
floorNdivBpowD,floor(N / B^D),7,6,O[0],3,0.8633600722007436,0.8220456960210036,0.8944711793899668
floorNdivBpowD,floor(N / B^D),7,6,O[1],3,0.8130462501766061,0.7911934073476165,0.8387045058210824
floorNdivBpowD,floor(N / B^D),8,7,B_ones,3,-0.16069610782519592,-0.17782025341682836,-0.13784843770133684
floorNdivBpowD,floor(N / B^D),8,7,B_tag,3,-0.19852039328957094,-0.221426302427676,-0.15646375789290362
floorNdivBpowD,floor(N / B^D),8,7,B_tens,3,-0.1715930415410262,-0.1830959044756081,-0.16226951633016745
floorNdivBpowD,floor(N / B^D),8,7,D_ones,3,0.9585311134467661,0.9508595882594323,0.9734055398832892
floorNdivBpowD,floor(N / B^D),8,7,D_tag,3,-0.16558605121587264,-0.17744831083910864,-0.1570902717861678
floorNdivBpowD,floor(N / B^D),8,7,N_hundreds,3,-0.23558142919647448,-0.24237175467051486,-0.22457397758663858
floorNdivBpowD,floor(N / B^D),8,7,N_ones,3,-0.20324967561074178,-0.27873399524076603,-0.10728875562704406
floorNdivBpowD,floor(N / B^D),8,7,N_tag,3,-0.29793761190187773,-0.3038081202942816,-0.29152325156489406
floorNdivBpowD,floor(N / B^D),8,7,N_tens,3,-0.1753306595131614,-0.22407607564038626,-0.09842480925338944
floorNdivBpowD,floor(N / B^D),8,7,O[0],3,0.8479621818073552,0.8068112509559618,0.88293573948574
floorNdivBpowD,floor(N / B^D),8,7,O[1],3,0.797448740018824,0.780170573742842,0.8201817952480065
floorNdivBpowD,floor(N / B^D),9,8,B_ones,3,-0.15978367691847387,-0.17838984086488216,-0.13712440702046624
floorNdivBpowD,floor(N / B^D),9,8,B_tag,3,-0.17804014418529104,-0.20933878879959647,-0.16138595515306217
floorNdivBpowD,floor(N / B^D),9,8,B_tens,3,-0.17266348189038397,-0.1800232516616079,-0.16095219050900994
floorNdivBpowD,floor(N / B^D),9,8,D_ones,3,0.9526714062171194,0.943174656400287,0.9667781423610965
floorNdivBpowD,floor(N / B^D),9,8,D_tag,3,-0.16508742059737336,-0.1731503286113277,-0.15745300030832743
floorNdivBpowD,floor(N / B^D),9,8,N_hundreds,3,-0.21585530746918158,-0.242371754670515,-0.16539561240475936
floorNdivBpowD,floor(N / B^D),9,8,N_ones,3,-0.20010474543395815,-0.22242417564672748,-0.15646375789186653
floorNdivBpowD,floor(N / B^D),9,8,N_tag,3,-0.29793761190187773,-0.3038081202942816,-0.29152325156489406
floorNdivBpowD,floor(N / B^D),9,8,N_tens,3,-0.19673991356713824,-0.2629532429423476,-0.10248287123532522
floorNdivBpowD,floor(N / B^D),9,8,O[0],3,0.834431347751513,0.8006518145970576,0.8692755808741474
floorNdivBpowD,floor(N / B^D),9,8,O[1],3,0.781774341971074,0.7640700935354453,0.8090035425116066
floorNdivBpowD,floor(N / B^D),10,9,B_ones,3,-0.16204686490802725,-0.17773002109956768,-0.14521583585006131
floorNdivBpowD,floor(N / B^D),10,9,B_tag,3,-0.15920328079665644,-0.2855739188100138,-0.09463405544602461
floorNdivBpowD,floor(N / B^D),10,9,B_tens,3,-0.1746594866637826,-0.185866092932765,-0.16746453761527547
floorNdivBpowD,floor(N / B^D),10,9,D_ones,3,0.944175556998294,0.9299279761355456,0.959391714116783
floorNdivBpowD,floor(N / B^D),10,9,D_tag,3,-0.1570688843206818,-0.16010636072728784,-0.15284714046297299
floorNdivBpowD,floor(N / B^D),10,9,N_hundreds,3,-0.2355814291964745,-0.24237175467051522,-0.2245739775866383
floorNdivBpowD,floor(N / B^D),10,9,N_ones,3,-0.15728295406220152,-0.16628055379294415,-0.14974372637970998
floorNdivBpowD,floor(N / B^D),10,9,N_tag,3,-0.29793761190187773,-0.3038081202942816,-0.29152325156489406
floorNdivBpowD,floor(N / B^D),10,9,N_tens,3,-0.17254729412245906,-0.20285694064987161,-0.15395432990995123
floorNdivBpowD,floor(N / B^D),10,9,O[0],3,0.8213467226421503,0.7904722107578319,0.8563639950341706
floorNdivBpowD,floor(N / B^D),10,9,O[1],3,0.765348543787816,0.7491095794761996,0.7901615195243957
floorNdivBpowD_modB,floor(N / B^D) mod B,0,input,B_ones,3,-0.43870805301632315,-0.5578091580300037,-0.28669609428487974
floorNdivBpowD_modB,floor(N / B^D) mod B,0,input,B_tag,3,-0.5387467784514498,-0.6378409576863857,-0.41003279782186847
floorNdivBpowD_modB,floor(N / B^D) mod B,0,input,B_tens,3,-0.39775576014779407,-0.5590382771979419,-0.2025282310079485
floorNdivBpowD_modB,floor(N / B^D) mod B,0,input,D_ones,3,-0.22833507280168916,-0.27308962165672257,-0.1501799918563702
floorNdivBpowD_modB,floor(N / B^D) mod B,0,input,D_tag,3,-0.5387467784514498,-0.6378409576863857,-0.41003279782186847
floorNdivBpowD_modB,floor(N / B^D) mod B,0,input,N_hundreds,3,-0.4982540076207433,-0.6344614961208352,-0.4105084595043369
floorNdivBpowD_modB,floor(N / B^D) mod B,0,input,N_ones,3,-0.5428019152663353,-0.6425994610582944,-0.41119447103793333
floorNdivBpowD_modB,floor(N / B^D) mod B,0,input,N_tag,3,-0.5387467784514498,-0.6378409576863857,-0.41003279782186847
floorNdivBpowD_modB,floor(N / B^D) mod B,0,input,N_tens,3,-0.5429666250235462,-0.641606096099741,-0.4150665215562939
floorNdivBpowD_modB,floor(N / B^D) mod B,0,input,O[0],3,-0.5387467784514498,-0.6378409576863857,-0.41003279782186847
floorNdivBpowD_modB,floor(N / B^D) mod B,0,input,O[1],3,0.25669291945975165,0.18006119651825006,0.37586870810473955
floorNdivBpowD_modB,floor(N / B^D) mod B,1,0,B_ones,3,0.01963215926926286,-0.036297009510508495,0.09663248190331246
floorNdivBpowD_modB,floor(N / B^D) mod B,1,0,B_tag,3,-0.3991574836928146,-0.6110432337018659,-0.2583982065789257
floorNdivBpowD_modB,floor(N / B^D) mod B,1,0,B_tens,3,-0.07573510239456567,-0.09184427375627117,-0.04394528287830864
floorNdivBpowD_modB,floor(N / B^D) mod B,1,0,D_ones,3,0.5642661193854774,0.5508142528489838,0.5715671649896955
floorNdivBpowD_modB,floor(N / B^D) mod B,1,0,D_tag,3,-0.0007527972710802596,-0.11018856544508848,0.10627736962409566
floorNdivBpowD_modB,floor(N / B^D) mod B,1,0,N_hundreds,3,-0.5104169029727795,-0.6344614961208344,-0.32792672925598854
floorNdivBpowD_modB,floor(N / B^D) mod B,1,0,N_ones,3,-0.27454507916970916,-0.3659166827816301,-0.20065300803557454
floorNdivBpowD_modB,floor(N / B^D) mod B,1,0,N_tag,3,-0.5387467784514498,-0.6378409576863857,-0.41003279782186847
floorNdivBpowD_modB,floor(N / B^D) mod B,1,0,N_tens,3,-0.42833589604265354,-0.5434345914206671,-0.369388381924786
floorNdivBpowD_modB,floor(N / B^D) mod B,1,0,O[0],3,0.5051852066598553,0.4833553581588553,0.5415690496522989
floorNdivBpowD_modB,floor(N / B^D) mod B,1,0,O[1],3,0.8536021909487964,0.8363913869646572,0.8670841375146642
floorNdivBpowD_modB,floor(N / B^D) mod B,2,1,B_ones,3,0.0077777745663332775,-0.053763075241147505,0.09812350509498668
floorNdivBpowD_modB,floor(N / B^D) mod B,2,1,B_tag,3,-0.5283315853534729,-0.611043252007839,-0.42254641626711775
floorNdivBpowD_modB,floor(N / B^D) mod B,2,1,B_tens,3,-0.07743915142845098,-0.18244204559023927,0.02154546229510368
floorNdivBpowD_modB,floor(N / B^D) mod B,2,1,D_ones,3,0.5597874318571153,0.5510027212239093,0.5729614703002102
floorNdivBpowD_modB,floor(N / B^D) mod B,2,1,D_tag,3,0.026694244645258217,-0.06853271329971626,0.1215603791967124
floorNdivBpowD_modB,floor(N / B^D) mod B,2,1,N_hundreds,3,-0.5379441463888953,-0.6344614961208347,-0.41050845950433573
floorNdivBpowD_modB,floor(N / B^D) mod B,2,1,N_ones,3,-0.37495206393643715,-0.42516411283476624,-0.3337752954570095
floorNdivBpowD_modB,floor(N / B^D) mod B,2,1,N_tag,3,-0.5387467784514498,-0.6378409576863857,-0.41003279782186847
floorNdivBpowD_modB,floor(N / B^D) mod B,2,1,N_tens,3,-0.4945694394021454,-0.5434345918386911,-0.4449626035567856
floorNdivBpowD_modB,floor(N / B^D) mod B,2,1,O[0],3,0.548210584274725,0.5162790027993959,0.5753501615397811
floorNdivBpowD_modB,floor(N / B^D) mod B,2,1,O[1],3,0.8812198730789668,0.8756736311725923,0.88667681585212
floorNdivBpowD_modB,floor(N / B^D) mod B,3,2,B_ones,3,0.03066972452914798,-0.028307299552805754,0.1096229865550824
floorNdivBpowD_modB,floor(N / B^D) mod B,3,2,B_tag,3,-0.2627078554483925,-0.30915320523634093,-0.2285895418257001
floorNdivBpowD_modB,floor(N / B^D) mod B,3,2,B_tens,3,-0.07232692086077185,-0.14468172655126432,-0.00012395879209652348
floorNdivBpowD_modB,floor(N / B^D) mod B,3,2,D_ones,3,0.5638169298678193,0.5454749114781829,0.5809357111393627
floorNdivBpowD_modB,floor(N / B^D) mod B,3,2,D_tag,3,0.024044255823437582,-0.05825640349597836,0.11395063028660224
floorNdivBpowD_modB,floor(N / B^D) mod B,3,2,N_hundreds,3,-0.5379441463888958,-0.6344614961208345,-0.41050845950433673
floorNdivBpowD_modB,floor(N / B^D) mod B,3,2,N_ones,3,-0.35748984806942613,-0.41307580431280755,-0.3166638992778096
floorNdivBpowD_modB,floor(N / B^D) mod B,3,2,N_tag,3,-0.5387467784514498,-0.6378409576863857,-0.41003279782186847
floorNdivBpowD_modB,floor(N / B^D) mod B,3,2,N_tens,3,-0.49610125827127344,-0.6739527893299911,-0.3693883819271487
floorNdivBpowD_modB,floor(N / B^D) mod B,3,2,O[0],3,0.5624722597668671,0.5317352950301678,0.5996623065807233
floorNdivBpowD_modB,floor(N / B^D) mod B,3,2,O[1],3,0.8811096647426798,0.8744730966809607,0.8883509336278225
floorNdivBpowD_modB,floor(N / B^D) mod B,4,3,B_ones,3,0.031134755162480085,-0.04437539788506203,0.12640394895342208
floorNdivBpowD_modB,floor(N / B^D) mod B,4,3,B_tag,3,-0.42296695464214484,-0.49690295260466044,-0.34046015580792316
floorNdivBpowD_modB,floor(N / B^D) mod B,4,3,B_tens,3,-0.06562964586278272,-0.12899235832136635,0.0022053567575488044
floorNdivBpowD_modB,floor(N / B^D) mod B,4,3,D_ones,3,0.5606169052132216,0.5427066776980913,0.574831646443284
floorNdivBpowD_modB,floor(N / B^D) mod B,4,3,D_tag,3,0.026658794084159665,-0.0677772540801945,0.1319785386701247
floorNdivBpowD_modB,floor(N / B^D) mod B,4,3,N_hundreds,3,-0.5379441463888956,-0.634461496120835,-0.4105084595043362
floorNdivBpowD_modB,floor(N / B^D) mod B,4,3,N_ones,3,-0.3002917876680822,-0.3404699233490857,-0.24689618742551875
floorNdivBpowD_modB,floor(N / B^D) mod B,4,3,N_tag,3,-0.5387467784514498,-0.6378409576863857,-0.41003279782186847
floorNdivBpowD_modB,floor(N / B^D) mod B,4,3,N_tens,3,-0.4326757769747041,-0.5540509078151461,-0.36334427153841603
floorNdivBpowD_modB,floor(N / B^D) mod B,4,3,O[0],3,0.5734325503753518,0.5503875378318145,0.5940112600604037
floorNdivBpowD_modB,floor(N / B^D) mod B,4,3,O[1],3,0.8805329153280795,0.8760761974189061,0.886664947676571
floorNdivBpowD_modB,floor(N / B^D) mod B,5,4,B_ones,3,0.02848009990466339,-0.045577712426353445,0.1210630803033484
floorNdivBpowD_modB,floor(N / B^D) mod B,5,4,B_tag,3,-0.44810613151259987,-0.6110432517746497,-0.3268939665877823
floorNdivBpowD_modB,floor(N / B^D) mod B,5,4,B_tens,3,-0.05988206398723354,-0.11257496298494048,0.007936971202364673
floorNdivBpowD_modB,floor(N / B^D) mod B,5,4,D_ones,3,0.5594757992785052,0.5506196723252381,0.5664703033179479
floorNdivBpowD_modB,floor(N / B^D) mod B,5,4,D_tag,3,0.031227355286164816,-0.05588491796728969,0.1374128572621219
floorNdivBpowD_modB,floor(N / B^D) mod B,5,4,N_hundreds,3,-0.5379441463888954,-0.6344614961208346,-0.4105084595043363
floorNdivBpowD_modB,floor(N / B^D) mod B,5,4,N_ones,3,-0.3853158892534463,-0.6243051359305067,-0.20065299156817176
floorNdivBpowD_modB,floor(N / B^D) mod B,5,4,N_tag,3,-0.5387467784514498,-0.6378409576863857,-0.41003279782186847
floorNdivBpowD_modB,floor(N / B^D) mod B,5,4,N_tens,3,-0.5037587872589019,-0.604869857509857,-0.36297191242821664
floorNdivBpowD_modB,floor(N / B^D) mod B,5,4,O[0],3,0.5939937475418676,0.5777726877186836,0.6094168565908319
floorNdivBpowD_modB,floor(N / B^D) mod B,5,4,O[1],3,0.8819311534147095,0.8786805113615882,0.8869901981134655
floorNdivBpowD_modB,floor(N / B^D) mod B,6,5,B_ones,3,0.032196998148181936,-0.03642881909981246,0.11787746777582257
floorNdivBpowD_modB,floor(N / B^D) mod B,6,5,B_tag,3,-0.3414491532269032,-0.3728375954429673,-0.320520324020014
floorNdivBpowD_modB,floor(N / B^D) mod B,6,5,B_tens,3,-0.060257882023502574,-0.12376968480651347,0.022019257741708227
floorNdivBpowD_modB,floor(N / B^D) mod B,6,5,D_ones,3,0.5555247778320248,0.5464748566154469,0.5622786818289198
floorNdivBpowD_modB,floor(N / B^D) mod B,6,5,D_tag,3,0.025558789944799622,-0.05685777068673107,0.12416958103410398
floorNdivBpowD_modB,floor(N / B^D) mod B,6,5,N_hundreds,3,-0.5104169029727794,-0.6344614961208345,-0.32792672925598787
floorNdivBpowD_modB,floor(N / B^D) mod B,6,5,N_ones,3,-0.44351488748813966,-0.4800570823308961,-0.4130758043158768
floorNdivBpowD_modB,floor(N / B^D) mod B,6,5,N_tag,3,-0.5387467784514498,-0.6378409576863857,-0.41003279782186847
floorNdivBpowD_modB,floor(N / B^D) mod B,6,5,N_tens,3,-0.510306845391079,-0.6739527893298801,-0.3616566240324485
floorNdivBpowD_modB,floor(N / B^D) mod B,6,5,O[0],3,0.6274304579409624,0.6184247070351417,0.641794416701247
floorNdivBpowD_modB,floor(N / B^D) mod B,6,5,O[1],3,0.881146531778692,0.8751854125631849,0.8854016741925411
floorNdivBpowD_modB,floor(N / B^D) mod B,7,6,B_ones,3,0.032590755218438607,-0.044503629757391396,0.12086601867273779
floorNdivBpowD_modB,floor(N / B^D) mod B,7,6,B_tag,3,-0.42896267235449814,-0.6291854332273416,-0.32803101808123264
floorNdivBpowD_modB,floor(N / B^D) mod B,7,6,B_tens,3,-0.05693860596158684,-0.10838498505181127,0.018655407861581687
floorNdivBpowD_modB,floor(N / B^D) mod B,7,6,D_ones,3,0.5503493294264117,0.537640066440807,0.5590093389073651
floorNdivBpowD_modB,floor(N / B^D) mod B,7,6,D_tag,3,0.02836502079231709,-0.05428178447538725,0.12346524767095639
floorNdivBpowD_modB,floor(N / B^D) mod B,7,6,N_hundreds,3,-0.5104169029727798,-0.6344614961208352,-0.32792672925598854
floorNdivBpowD_modB,floor(N / B^D) mod B,7,6,N_ones,3,-0.3041743431635065,-0.36591678352520535,-0.20614609004239778
floorNdivBpowD_modB,floor(N / B^D) mod B,7,6,N_tag,3,-0.5387467784514498,-0.6378409576863857,-0.41003279782186847
floorNdivBpowD_modB,floor(N / B^D) mod B,7,6,N_tens,3,-0.5200587424168389,-0.6739527893303027,-0.2813535804100572
floorNdivBpowD_modB,floor(N / B^D) mod B,7,6,O[0],3,0.6912392863772204,0.6835495745817234,0.695692318401877
floorNdivBpowD_modB,floor(N / B^D) mod B,7,6,O[1],3,0.8882427362740662,0.8803503565364034,0.8947051683095714
floorNdivBpowD_modB,floor(N / B^D) mod B,8,7,B_ones,3,0.03156776279679615,-0.05318649054096584,0.12868508035220871
floorNdivBpowD_modB,floor(N / B^D) mod B,8,7,B_tag,3,-0.3772324762333397,-0.429520159926488,-0.3242949122873176
floorNdivBpowD_modB,floor(N / B^D) mod B,8,7,B_tens,3,-0.061891651275109226,-0.10684509702466922,0.004276078262625371
floorNdivBpowD_modB,floor(N / B^D) mod B,8,7,D_ones,3,0.5464690400880263,0.539386304743839,0.5506781469491244
floorNdivBpowD_modB,floor(N / B^D) mod B,8,7,D_tag,3,0.02506048943159819,-0.06345257747129747,0.12251421511184828
floorNdivBpowD_modB,floor(N / B^D) mod B,8,7,N_hundreds,3,-0.5379441463888953,-0.6344614961208347,-0.4105084595043351
floorNdivBpowD_modB,floor(N / B^D) mod B,8,7,N_ones,3,-0.3900335138350865,-0.6243051359209633,-0.21202011035305457
floorNdivBpowD_modB,floor(N / B^D) mod B,8,7,N_tag,3,-0.5387467784514498,-0.6378409576863857,-0.41003279782186847
floorNdivBpowD_modB,floor(N / B^D) mod B,8,7,N_tens,3,-0.3900440212905318,-0.543434591838633,-0.25451275724940847
floorNdivBpowD_modB,floor(N / B^D) mod B,8,7,O[0],3,0.7569568868591459,0.7541185786202819,0.7621450720459148
floorNdivBpowD_modB,floor(N / B^D) mod B,8,7,O[1],3,0.9041224671058501,0.8984190750989484,0.9086299985007745
floorNdivBpowD_modB,floor(N / B^D) mod B,9,8,B_ones,3,0.033544540728677706,-0.04751987012854053,0.1343758548740333
floorNdivBpowD_modB,floor(N / B^D) mod B,9,8,B_tag,3,-0.34942485785347577,-0.49690295257885725,-0.24221841577070444
floorNdivBpowD_modB,floor(N / B^D) mod B,9,8,B_tens,3,-0.062308041237171596,-0.10739133172840425,0.0023943479069404193
floorNdivBpowD_modB,floor(N / B^D) mod B,9,8,D_ones,3,0.5442938981536719,0.5336963459702803,0.5505933434925914
floorNdivBpowD_modB,floor(N / B^D) mod B,9,8,D_tag,3,0.025194559785441068,-0.05968074878029306,0.1250795831647136
floorNdivBpowD_modB,floor(N / B^D) mod B,9,8,N_hundreds,3,-0.4938261928163075,-0.5688624835415158,-0.4105084595043362
floorNdivBpowD_modB,floor(N / B^D) mod B,9,8,N_ones,3,-0.38169404776145294,-0.44290487429202036,-0.3242949125149349
floorNdivBpowD_modB,floor(N / B^D) mod B,9,8,N_tag,3,-0.5387467784514498,-0.6378409576863857,-0.41003279782186847
floorNdivBpowD_modB,floor(N / B^D) mod B,9,8,N_tens,3,-0.4525381120780838,-0.6739527893299684,-0.1934706606345673
floorNdivBpowD_modB,floor(N / B^D) mod B,9,8,O[0],3,0.8764488927715034,0.8615012747294143,0.8844669044790209
floorNdivBpowD_modB,floor(N / B^D) mod B,9,8,O[1],3,0.9127822793731585,0.9056116785522411,0.9209728942021052
floorNdivBpowD_modB,floor(N / B^D) mod B,10,9,B_ones,3,0.029005692976265058,-0.050822416988606324,0.12630150542762103
floorNdivBpowD_modB,floor(N / B^D) mod B,10,9,B_tag,3,-0.28413391806523974,-0.4225464196442152,-0.2061460900451327
floorNdivBpowD_modB,floor(N / B^D) mod B,10,9,B_tens,3,-0.05804703944248752,-0.09863166565878641,0.008748389463681528
floorNdivBpowD_modB,floor(N / B^D) mod B,10,9,D_ones,3,0.5456234238464805,0.5354853806213072,0.5541025590459998
floorNdivBpowD_modB,floor(N / B^D) mod B,10,9,D_tag,3,0.023908393467619124,-0.06038890392695743,0.11899717963986774
floorNdivBpowD_modB,floor(N / B^D) mod B,10,9,N_hundreds,3,-0.5379441463888951,-0.6344614961208318,-0.4105084595043372
floorNdivBpowD_modB,floor(N / B^D) mod B,10,9,N_ones,3,-0.3146707273455155,-0.36591678352755314,-0.25707545222561046
floorNdivBpowD_modB,floor(N / B^D) mod B,10,9,N_tag,3,-0.5387467784514498,-0.6378409576863857,-0.41003279782186847
floorNdivBpowD_modB,floor(N / B^D) mod B,10,9,N_tens,3,-0.39701213858468326,-0.541438804632882,-0.275088992652892
floorNdivBpowD_modB,floor(N / B^D) mod B,10,9,O[0],3,0.9177979501980612,0.9021745440830381,0.9274265742411784
floorNdivBpowD_modB,floor(N / B^D) mod B,10,9,O[1],3,0.940106229052561,0.9310530671532561,0.9466336528559006
